time,steam_flow,steam_p,steam_t,feedwater_t,o2,fluegas_t
2026-02-01 00:00:00,35.474,3.8628,396.61,104.57,7.35,182.8
2026-02-01 01:00:00,37.313,3.8622,401.3,102.54,7.03,171.6
2026-02-01 02:00:00,38.719,3.884,400.73,103.95,8.13,190.5
2026-02-01 03:00:00,38.77,3.8481,395.33,102.48,6.93,197.5
2026-02-01 04:00:00,37.574,3.8519,395.83,103.47,9.11,161.8
2026-02-01 05:00:00,37.251,3.8462,403.12,102.38,7.77,174.9
2026-02-01 06:00:00,35.596,3.9693,402.46,103.4,7.3,171.1
2026-02-01 07:00:00,36.238,3.8985,399.75,103.86,7.1,189.3
2026-02-01 08:00:00,36.629,3.9645,405.6,103.79,7.39,189.4
2026-02-01 09:00:00,36.003,3.8629,399.82,102.44,8.48,189.0
2026-02-01 10:00:00,36.946,3.8909,397.82,102.58,7.81,184.5
2026-02-01 11:00:00,36.928,3.8998,395.91,104.1,6.93,183.8
2026-02-01 12:00:00,36.347,3.7962,400.27,104.23,7.87,185.8
2026-02-01 13:00:00,36.26,3.8512,399.19,103.17,8.07,178.0
2026-02-01 14:00:00,36.93,3.9072,399.58,103.34,8.44,173.4
2026-02-01 15:00:00,37.178,3.9122,400.85,104.57,7.48,187.4
2026-02-01 16:00:00,37.372,3.9215,400.62,101.73,8.43,201.7
2026-02-01 17:00:00,37.782,3.9117,395.33,105.41,7.88,164.7
2026-02-01 18:00:00,37.086,3.8254,396.11,103.05,9.02,186.3
2026-02-01 19:00:00,36.969,3.9874,404.78,103.84,7.81,177.4
2026-02-01 20:00:00,35.907,3.9213,401.19,104.17,8.8,182.3
2026-02-01 21:00:00,36.609,3.9366,401.75,105.61,8.32,186.9
2026-02-01 22:00:00,37.07,3.8499,395.08,104.87,7.96,193.1
2026-02-01 23:00:00,34.803,3.8817,398.2,102.7,6.2,186.7
2026-02-02 00:00:00,37.138,3.919,398.2,103.98,8.61,162.4
2026-02-02 01:00:00,36.03,3.9272,402.05,106.55,8.91,193.1
2026-02-02 02:00:00,36.492,3.9393,398.38,103.94,8.72,209.6
2026-02-02 03:00:00,35.992,3.8976,400.6,106.01,7.98,204.7
2026-02-02 04:00:00,35.116,3.8907,399.41,105.18,8.84,174.9
2026-02-02 05:00:00,35.172,3.9168,398.02,101.72,8.83,194.9
2026-02-02 06:00:00,36.7,3.8762,403.09,103.64,8.88,180.9
2026-02-02 07:00:00,35.238,3.9102,397.89,105.01,8.21,180.8
2026-02-02 08:00:00,36.244,3.8824,402.75,103.05,7.65,202.1
2026-02-02 09:00:00,38.593,4.0,400.19,104.33,9.23,188.8
2026-02-02 10:00:00,35.105,3.9058,401.35,102.76,6.68,175.6
2026-02-02 11:00:00,36.887,3.8621,399.58,104.32,8.5,186.7
2026-02-02 12:00:00,36.706,3.8555,398.91,102.46,8.91,189.7
2026-02-02 13:00:00,35.363,3.8824,399.33,105.05,6.72,179.6
2026-02-02 14:00:00,35.754,4.0266,402.87,103.83,8.57,210.6
2026-02-02 15:00:00,35.911,3.8817,403.64,104.74,8.54,184.9
2026-02-02 16:00:00,38.252,3.9855,401.7,105.03,6.38,196.4
2026-02-02 17:00:00,35.954,3.9217,402.05,103.49,6.65,193.7
2026-02-02 18:00:00,35.36,3.8835,398.19,103.49,6.15,202.2
2026-02-02 19:00:00,36.44,3.9556,405.94,104.03,6.56,181.1
2026-02-02 20:00:00,34.855,3.8749,400.24,101.0,8.27,174.9
2026-02-02 21:00:00,36.487,3.8945,399.06,103.89,7.57,183.9
2026-02-02 22:00:00,34.339,3.8985,405.54,106.97,9.06,197.1
2026-02-02 23:00:00,35.431,3.9721,399.83,103.9,7.77,190.9
2026-02-03 00:00:00,34.234,3.8958,396.75,103.44,9.82,189.3
2026-02-03 01:00:00,34.438,3.9266,402.12,102.33,7.83,199.2
2026-02-03 02:00:00,34.967,3.9061,404.66,102.98,8.07,184.8
2026-02-03 03:00:00,36.237,3.8024,397.99,103.21,8.53,196.1
2026-02-03 04:00:00,36.138,3.8213,402.25,103.56,7.47,195.4
2026-02-03 05:00:00,33.729,3.7962,398.89,101.75,7.48,193.7
2026-02-03 06:00:00,35.011,3.9793,399.4,101.7,7.4,180.8
2026-02-03 07:00:00,33.419,3.9218,398.06,101.03,8.56,188.9
2026-02-03 08:00:00,35.058,3.9053,401.89,104.06,8.99,194.2
2026-02-03 09:00:00,35.095,3.9205,395.63,103.75,7.79,192.1
2026-02-03 10:00:00,33.273,3.9817,400.31,102.18,6.63,187.2
2026-02-03 11:00:00,34.593,3.8641,400.28,103.04,8.44,182.8
2026-02-03 12:00:00,34.646,3.9489,407.72,102.49,7.63,181.6
2026-02-03 13:00:00,35.503,3.8426,398.55,103.96,7.22,180.4
2026-02-03 14:00:00,34.192,3.795,395.66,103.38,8.12,188.1
2026-02-03 15:00:00,32.841,3.8768,402.4,104.83,7.94,181.1
2026-02-03 16:00:00,35.343,3.8711,396.49,102.8,9.16,192.2
2026-02-03 17:00:00,35.893,3.876,402.81,103.1,7.87,214.9
2026-02-03 18:00:00,35.485,3.8749,399.75,104.49,8.97,185.1
2026-02-03 19:00:00,32.875,3.886,400.05,104.16,9.05,193.2
2026-02-03 20:00:00,35.532,3.8449,402.6,107.14,8.62,192.5
2026-02-03 21:00:00,34.847,3.9894,397.22,103.83,8.37,197.4
2026-02-03 22:00:00,34.231,3.9154,399.17,104.18,7.89,178.6
2026-02-03 23:00:00,34.665,3.9439,397.1,103.64,8.53,179.3
2026-02-04 00:00:00,34.609,3.847,403.4,107.47,9.62,187.8
2026-02-04 01:00:00,35.184,3.906,400.31,106.32,6.94,200.6
2026-02-04 02:00:00,34.37,3.9704,400.56,102.99,8.22,197.4
2026-02-04 03:00:00,34.457,3.9244,398.43,100.8,8.72,197.0
2026-02-04 04:00:00,34.573,3.9034,403.11,103.31,7.43,188.1
2026-02-04 05:00:00,35.648,3.8306,403.58,103.04,7.12,202.6
2026-02-04 06:00:00,34.32,3.835,398.92,105.4,8.95,185.7
2026-02-04 07:00:00,34.84,3.9357,398.07,104.53,7.97,184.6
2026-02-04 08:00:00,33.912,3.9034,400.09,103.15,7.66,201.1
2026-02-04 09:00:00,34.641,3.9443,403.61,104.88,9.82,181.7
2026-02-04 10:00:00,35.255,3.8841,405.57,106.55,6.44,180.3
2026-02-04 11:00:00,35.106,3.9395,402.21,103.89,8.36,196.5
2026-02-04 12:00:00,34.34,3.9514,393.22,104.95,7.17,199.6
2026-02-04 13:00:00,34.184,3.8556,401.12,102.63,7.27,174.3
2026-02-04 14:00:00,34.393,3.9248,403.07,103.79,8.84,190.2
2026-02-04 15:00:00,34.324,3.9287,403.18,103.49,7.8,188.4
2026-02-04 16:00:00,34.506,3.855,403.08,103.4,8.37,181.7
2026-02-04 17:00:00,34.791,3.9196,398.74,107.03,8.3,207.8
2026-02-04 18:00:00,35.411,3.8669,398.85,104.65,8.05,190.5
2026-02-04 19:00:00,34.125,3.8096,399.32,100.67,8.3,182.7
2026-02-04 20:00:00,33.681,3.889,400.82,101.85,6.6,179.3
2026-02-04 21:00:00,32.312,3.8517,404.77,102.42,8.52,176.3
2026-02-04 22:00:00,34.729,3.884,399.82,104.85,9.4,191.9
2026-02-04 23:00:00,34.549,3.8513,401.75,103.63,8.67,189.6
2026-02-05 00:00:00,35.904,3.8009,399.11,105.32,7.72,182.1
2026-02-05 01:00:00,33.85,3.831,400.36,107.66,8.92,178.9
2026-02-05 02:00:00,33.228,3.8798,403.01,102.77,7.45,198.8
2026-02-05 03:00:00,35.007,3.8813,396.65,101.68,7.44,167.7
2026-02-05 04:00:00,34.89,3.8685,401.44,106.8,8.94,178.5
2026-02-05 05:00:00,35.012,3.9579,397.76,102.57,7.91,174.0
2026-02-05 06:00:00,35.628,3.7797,396.68,103.6,7.82,191.7
2026-02-05 07:00:00,34.4,3.8893,403.41,100.79,8.0,182.9
2026-02-05 08:00:00,34.258,3.911,397.26,103.04,8.63,193.5
2026-02-05 09:00:00,33.426,4.002,406.93,101.81,8.24,215.1
2026-02-05 10:00:00,34.925,3.9111,399.38,103.19,7.83,184.5
2026-02-05 11:00:00,34.885,3.8801,398.68,102.2,7.96,181.1
2026-02-05 12:00:00,33.937,3.9521,401.1,104.76,8.28,190.6
2026-02-05 13:00:00,33.992,3.8846,402.28,102.37,9.07,190.3
2026-02-05 14:00:00,33.356,3.8755,397.97,104.24,7.43,201.4
2026-02-05 15:00:00,33.322,3.7864,397.81,100.99,7.97,200.6
2026-02-05 16:00:00,34.785,3.8331,397.71,106.67,8.25,190.0
2026-02-05 17:00:00,35.203,4.0226,403.89,104.21,8.28,196.2
2026-02-05 18:00:00,33.495,3.8471,400.16,102.58,7.95,191.0
2026-02-05 19:00:00,36.519,3.8574,399.63,103.75,8.35,200.5
2026-02-05 20:00:00,33.62,3.8589,395.08,102.61,8.43,190.5
2026-02-05 21:00:00,33.083,3.8814,400.09,104.76,7.53,187.5
2026-02-05 22:00:00,32.261,3.8424,404.85,100.72,7.73,192.2
2026-02-05 23:00:00,33.739,3.8596,399.82,103.99,7.93,171.2
2026-02-06 00:00:00,36.683,3.8572,398.36,104.34,8.51,199.0
2026-02-06 01:00:00,36.297,3.9462,403.52,105.7,9.11,188.5
2026-02-06 02:00:00,36.653,3.9413,395.9,104.31,7.58,186.3
2026-02-06 03:00:00,34.92,3.8555,399.94,105.33,8.79,189.2
2026-02-06 04:00:00,36.636,3.8585,401.21,103.63,8.48,207.5
2026-02-06 05:00:00,36.81,3.8251,397.42,101.81,7.04,203.1
2026-02-06 06:00:00,37.096,3.824,401.96,105.89,7.71,183.2
2026-02-06 07:00:00,36.473,3.9142,401.92,105.77,8.97,201.9
2026-02-06 08:00:00,38.351,3.9331,395.41,103.8,8.25,186.2
2026-02-06 09:00:00,37.853,3.882,397.22,106.17,8.53,192.2
2026-02-06 10:00:00,37.87,3.9531,401.02,100.31,7.46,185.4
2026-02-06 11:00:00,35.758,3.9099,403.58,103.27,7.09,210.3
2026-02-06 12:00:00,36.346,3.8384,400.71,104.64,7.44,197.9
2026-02-06 13:00:00,36.307,3.8539,400.54,105.16,7.49,193.3
2026-02-06 14:00:00,36.742,4.0412,397.87,106.08,7.96,188.7
2026-02-06 15:00:00,37.643,3.9447,403.8,104.49,7.52,184.6
2026-02-06 16:00:00,37.409,3.929,404.19,104.63,8.85,205.2
2026-02-06 17:00:00,37.028,3.8257,396.46,101.84,9.27,181.5
2026-02-06 18:00:00,38.207,3.9293,405.15,105.5,7.92,188.0
2026-02-06 19:00:00,36.94,3.9088,398.41,103.95,9.29,173.0
2026-02-06 20:00:00,37.131,3.8547,400.56,105.26,7.95,197.7
2026-02-06 21:00:00,35.088,3.9553,398.19,104.93,8.15,164.1
2026-02-06 22:00:00,36.01,3.911,404.66,104.43,8.21,175.9
2026-02-06 23:00:00,38.427,3.9904,400.09,103.67,6.7,198.8
2026-02-07 00:00:00,37.37,3.9359,403.79,104.81,7.21,203.4
2026-02-07 01:00:00,33.287,3.8895,400.84,105.32,8.33,193.9
2026-02-07 02:00:00,33.778,3.8355,400.18,102.93,6.95,177.3
2026-02-07 03:00:00,34.059,3.8074,395.96,101.55,8.15,194.1
2026-02-07 04:00:00,36.649,3.8251,397.96,105.37,7.83,186.7
2026-02-07 05:00:00,36.34,3.8831,396.53,102.02,8.27,193.1
2026-02-07 06:00:00,33.145,3.8507,401.6,104.87,7.49,196.2
2026-02-07 07:00:00,35.16,3.8108,399.06,104.62,7.54,168.6
2026-02-07 08:00:00,34.274,3.9376,404.74,100.71,10.09,178.7
2026-02-07 09:00:00,35.56,3.9617,402.95,104.22,7.07,196.3
2026-02-07 10:00:00,33.826,3.7739,408.49,105.06,9.45,180.9
2026-02-07 11:00:00,36.089,3.9795,404.66,103.97,7.04,188.2
2026-02-07 12:00:00,32.283,3.8149,400.28,102.51,7.87,188.9
2026-02-07 13:00:00,36.57,3.9649,399.87,105.81,7.38,186.6
2026-02-07 14:00:00,35.511,3.8379,399.16,102.02,8.09,206.3
2026-02-07 15:00:00,33.787,3.9113,397.31,102.28,7.01,204.5
2026-02-07 16:00:00,37.017,3.9242,397.85,105.06,7.73,198.0
2026-02-07 17:00:00,34.869,3.914,401.82,103.13,7.68,172.8
2026-02-07 18:00:00,34.109,3.8289,399.57,102.56,8.08,194.5
2026-02-07 19:00:00,33.095,3.8593,397.17,105.12,9.37,198.5
2026-02-07 20:00:00,34.205,3.9733,395.46,106.25,7.48,162.2
2026-02-07 21:00:00,37.316,3.9789,396.9,104.25,7.83,191.0
2026-02-07 22:00:00,33.029,3.8659,401.4,104.33,8.96,190.8
2026-02-07 23:00:00,37.004,3.8642,400.78,101.13,7.0,203.3
2026-02-08 00:00:00,34.622,3.9265,399.81,102.43,7.72,184.9
2026-02-08 01:00:00,35.109,3.9377,401.96,103.13,7.27,192.8
2026-02-08 02:00:00,35.523,3.9514,407.97,105.26,7.97,188.3
2026-02-08 03:00:00,34.714,3.8547,396.99,103.41,7.66,197.4
2026-02-08 04:00:00,35.203,3.8901,396.35,106.47,8.41,207.9
2026-02-08 05:00:00,36.482,3.9745,399.25,105.08,10.16,177.8
2026-02-08 06:00:00,36.887,3.9849,401.26,105.15,9.02,183.3
2026-02-08 07:00:00,36.076,3.8556,397.93,103.05,7.88,191.5
2026-02-08 08:00:00,36.125,3.8275,406.08,105.78,8.59,186.3
2026-02-08 09:00:00,35.532,3.9281,401.26,101.42,8.61,219.9
2026-02-08 10:00:00,33.606,3.951,401.14,103.83,9.13,177.9
2026-02-08 11:00:00,35.808,3.9751,399.39,103.36,8.09,185.4
2026-02-08 12:00:00,37.328,3.8534,402.69,102.07,8.55,188.9
2026-02-08 13:00:00,32.792,3.8997,396.71,103.31,9.27,178.5
2026-02-08 14:00:00,34.465,3.974,400.36,106.38,8.27,180.9
2026-02-08 15:00:00,35.557,3.9632,402.9,104.0,8.04,188.8
2026-02-08 16:00:00,34.994,3.9993,400.02,102.26,7.61,197.5
2026-02-08 17:00:00,36.335,3.893,397.94,104.04,6.62,176.6
2026-02-08 18:00:00,36.508,3.8754,401.16,105.88,8.53,190.2
2026-02-08 19:00:00,37.968,3.9343,398.91,105.13,8.34,181.2
2026-02-08 20:00:00,35.71,3.8915,393.94,103.73,7.77,185.5
2026-02-08 21:00:00,33.822,3.8818,399.88,104.16,7.07,196.5
2026-02-08 22:00:00,34.294,3.8885,404.02,102.93,7.58,201.0
2026-02-08 23:00:00,35.208,3.8847,400.68,105.62,6.19,181.5
2026-02-09 00:00:00,36.211,3.8443,397.37,102.71,8.25,180.9
2026-02-09 01:00:00,37.512,3.9206,397.76,104.2,9.34,193.3
2026-02-09 02:00:00,36.639,3.8967,397.19,104.42,8.71,181.6
2026-02-09 03:00:00,37.131,3.9569,398.47,104.29,7.16,181.6
2026-02-09 04:00:00,36.784,4.0088,398.77,103.21,7.55,188.3
2026-02-09 05:00:00,38.106,3.9095,406.17,104.32,9.16,192.8
2026-02-09 06:00:00,38.05,3.8278,399.62,103.9,7.81,168.5
2026-02-09 07:00:00,38.358,3.8806,398.69,103.62,7.82,194.1
2026-02-09 08:00:00,35.946,3.8534,400.87,104.22,7.7,184.3
2026-02-09 09:00:00,36.435,3.8971,403.54,102.41,9.22,198.4
2026-02-09 10:00:00,36.863,3.9392,395.6,101.4,6.97,185.9
2026-02-09 11:00:00,37.006,3.8742,400.3,100.8,8.4,175.8
2026-02-09 12:00:00,36.63,3.8794,396.53,101.94,7.2,189.9
2026-02-09 13:00:00,38.032,3.9282,397.02,102.81,7.26,194.5
2026-02-09 14:00:00,35.087,3.9619,398.55,102.82,8.27,200.3
2026-02-09 15:00:00,37.755,3.9526,400.4,105.84,9.0,189.0
2026-02-09 16:00:00,38.985,3.9082,400.26,102.62,7.77,197.8
2026-02-09 17:00:00,35.899,3.9325,401.05,104.42,6.23,189.0
2026-02-09 18:00:00,38.098,3.8619,400.27,100.43,8.54,183.4
2026-02-09 19:00:00,38.348,3.8079,402.08,103.64,8.65,180.7
2026-02-09 20:00:00,36.678,4.0121,397.51,102.94,7.78,179.8
2026-02-09 21:00:00,38.706,3.9863,397.89,101.41,8.94,201.1
2026-02-09 22:00:00,38.292,3.9578,397.4,103.75,6.89,175.8
2026-02-09 23:00:00,38.471,3.8664,406.84,104.11,7.49,198.0
2026-02-10 00:00:00,34.914,3.9243,396.35,104.56,9.1,185.1
2026-02-10 01:00:00,32.355,3.9508,400.42,102.35,7.7,182.4
2026-02-10 02:00:00,33.419,3.9055,403.45,105.06,6.75,194.1
2026-02-10 03:00:00,34.015,3.9228,403.09,103.18,7.24,199.3
2026-02-10 04:00:00,32.065,3.792,403.08,102.91,7.76,176.0
2026-02-10 05:00:00,31.807,3.8422,398.92,104.55,6.16,197.5
2026-02-10 06:00:00,31.95,3.8467,402.03,103.89,6.77,208.4
2026-02-10 07:00:00,32.269,3.9124,400.6,106.12,7.64,200.1
2026-02-10 08:00:00,32.387,3.9561,397.71,103.46,9.52,193.2
2026-02-10 09:00:00,33.233,4.0121,401.08,102.78,8.59,178.2
2026-02-10 10:00:00,34.245,3.9603,398.28,103.06,8.14,190.1
2026-02-10 11:00:00,32.153,3.9284,393.87,103.35,7.68,187.3
2026-02-10 12:00:00,33.429,3.8386,401.77,103.73,7.48,176.3
2026-02-10 13:00:00,31.948,3.918,397.11,104.1,8.85,200.3
2026-02-10 14:00:00,34.675,3.8852,396.74,105.53,8.25,201.2
2026-02-10 15:00:00,33.135,3.9598,402.54,105.07,8.4,194.0
2026-02-10 16:00:00,33.356,3.9113,402.97,103.23,9.39,188.9
2026-02-10 17:00:00,34.103,3.8955,399.26,107.05,7.75,177.2
2026-02-10 18:00:00,32.415,3.8841,406.47,104.31,8.75,180.0
2026-02-10 19:00:00,33.475,3.9336,405.4,102.96,8.48,193.0
2026-02-10 20:00:00,32.109,3.899,399.21,100.51,8.48,195.4
2026-02-10 21:00:00,32.688,3.8331,404.44,104.4,8.81,204.1
2026-02-10 22:00:00,32.607,3.9406,399.28,103.91,7.93,190.0
2026-02-10 23:00:00,34.231,3.9062,399.54,103.59,8.27,181.1
2026-02-11 00:00:00,34.127,3.8974,398.3,103.82,7.51,210.0
2026-02-11 01:00:00,36.031,3.9225,399.84,107.29,8.26,189.1
2026-02-11 02:00:00,34.965,3.9153,404.23,103.97,9.68,181.2
2026-02-11 03:00:00,35.371,3.8499,405.45,103.5,7.95,199.2
2026-02-11 04:00:00,35.954,3.8444,398.96,101.91,8.11,189.0
2026-02-11 05:00:00,34.287,3.8658,398.84,102.88,8.42,205.2
2026-02-11 06:00:00,32.642,3.8942,398.75,104.74,7.24,188.5
2026-02-11 07:00:00,33.569,3.9348,400.3,103.76,8.3,187.5
2026-02-11 08:00:00,33.034,3.9298,400.86,103.77,8.79,202.2
2026-02-11 09:00:00,33.514,3.8609,404.64,106.13,7.41,178.2
2026-02-11 10:00:00,33.987,3.8751,395.25,104.05,6.98,177.9
2026-02-11 11:00:00,35.602,3.8658,399.79,104.94,8.65,186.6
2026-02-11 12:00:00,34.695,3.8587,405.24,104.97,7.12,190.0
2026-02-11 13:00:00,35.391,3.924,405.49,106.06,7.57,189.1
2026-02-11 14:00:00,33.317,3.9125,400.45,108.06,8.08,169.1
2026-02-11 15:00:00,33.951,3.9056,396.23,102.7,7.71,193.4
2026-02-11 16:00:00,34.478,3.8555,402.36,103.19,7.6,176.2
2026-02-11 17:00:00,33.832,3.9326,395.15,103.89,8.57,186.2
2026-02-11 18:00:00,34.899,3.8442,403.93,105.65,8.19,172.4
2026-02-11 19:00:00,33.562,3.9488,405.14,104.44,9.0,183.9
2026-02-11 20:00:00,34.453,3.9001,401.27,101.71,8.75,203.2
2026-02-11 21:00:00,33.455,3.8322,401.05,103.02,6.1,198.1
2026-02-11 22:00:00,34.811,3.8762,406.34,104.21,7.4,191.0
2026-02-11 23:00:00,33.568,3.8619,401.16,103.17,7.64,206.7
2026-02-12 00:00:00,38.835,3.9401,401.59,104.73,9.17,189.8
2026-02-12 01:00:00,39.966,3.8524,399.23,101.93,7.72,195.2
2026-02-12 02:00:00,39.507,3.8668,400.02,103.46,7.41,178.1
2026-02-12 03:00:00,37.928,3.8134,400.33,104.03,7.47,179.9
2026-02-12 04:00:00,36.287,3.9936,395.97,106.34,8.48,186.4
2026-02-12 05:00:00,36.545,3.9521,405.19,102.6,7.76,200.5
2026-02-12 06:00:00,38.24,4.0,398.29,104.81,7.0,211.0
2026-02-12 07:00:00,37.029,3.7896,399.62,103.79,9.53,186.6
2026-02-12 08:00:00,37.845,3.9297,404.76,103.91,8.83,195.2
2026-02-12 09:00:00,37.522,3.9039,400.09,102.63,8.97,176.1
2026-02-12 10:00:00,39.189,3.9477,399.72,102.85,7.82,194.7
2026-02-12 11:00:00,38.703,3.9143,402.98,103.16,8.19,174.3
2026-02-12 12:00:00,38.726,3.9077,398.75,105.74,8.55,161.8
2026-02-12 13:00:00,37.904,3.8272,403.2,107.73,7.59,190.7
2026-02-12 14:00:00,37.574,3.9175,401.93,105.93,7.21,205.7
2026-02-12 15:00:00,36.801,3.9139,403.48,105.07,7.25,183.0
2026-02-12 16:00:00,37.334,3.8974,403.44,102.06,8.37,196.1
2026-02-12 17:00:00,38.493,3.9233,404.55,104.73,8.69,195.6
2026-02-12 18:00:00,39.895,3.805,403.85,103.61,7.78,180.3
2026-02-12 19:00:00,35.737,3.8809,397.94,104.74,6.82,204.3
2026-02-12 20:00:00,38.168,3.8876,397.87,102.82,7.1,184.6
2026-02-12 21:00:00,37.866,3.8911,395.76,103.6,7.29,191.6
2026-02-12 22:00:00,39.977,3.9313,399.06,101.56,6.87,173.1
2026-02-12 23:00:00,38.683,3.8617,400.19,103.07,8.07,204.0
2026-02-13 00:00:00,36.697,3.883,397.58,105.31,7.18,178.7
2026-02-13 01:00:00,35.908,3.8296,401.41,107.85,7.2,199.5
2026-02-13 02:00:00,37.75,3.8449,399.17,103.65,7.45,209.3
2026-02-13 03:00:00,35.325,3.9191,400.99,103.13,8.12,198.8
2026-02-13 04:00:00,37.639,3.9209,402.08,100.95,9.18,212.8
2026-02-13 05:00:00,38.57,3.9507,395.78,103.82,7.35,184.1
2026-02-13 06:00:00,38.554,3.8598,399.61,101.14,7.87,190.9
2026-02-13 07:00:00,36.675,3.864,405.66,102.19,7.16,181.9
2026-02-13 08:00:00,38.815,4.0051,401.0,102.92,7.66,200.6
2026-02-13 09:00:00,36.443,3.9726,404.25,104.11,8.52,197.5
2026-02-13 10:00:00,39.214,3.8474,403.54,103.44,7.39,191.0
2026-02-13 11:00:00,37.226,3.8506,395.21,102.59,9.16,209.6
2026-02-13 12:00:00,38.198,3.9593,398.45,103.88,8.23,179.2
2026-02-13 13:00:00,36.355,3.9049,399.04,102.4,8.31,187.4
2026-02-13 14:00:00,38.615,3.8997,399.1,104.19,7.86,183.3
2026-02-13 15:00:00,37.016,3.9375,401.94,105.93,6.65,186.1
2026-02-13 16:00:00,37.001,3.9086,398.64,103.23,8.63,191.8
2026-02-13 17:00:00,36.156,3.9667,402.99,103.14,8.67,182.6
2026-02-13 18:00:00,38.733,3.8891,397.59,103.44,7.39,191.9
2026-02-13 19:00:00,37.664,3.9018,398.33,98.51,8.07,171.0
2026-02-13 20:00:00,37.742,3.9565,400.82,103.42,7.86,188.7
2026-02-13 21:00:00,36.85,3.8708,397.23,105.78,7.99,199.6
2026-02-13 22:00:00,37.186,3.9036,399.49,104.69,8.66,192.4
2026-02-13 23:00:00,36.71,3.861,404.98,103.58,7.77,204.7
2026-02-14 00:00:00,34.181,3.9267,398.8,107.53,8.31,195.5
2026-02-14 01:00:00,32.931,3.8293,396.0,104.61,8.31,187.6
2026-02-14 02:00:00,31.937,3.8279,399.02,101.82,8.72,201.5
2026-02-14 03:00:00,35.91,3.9439,398.22,102.69,5.24,184.1
2026-02-14 04:00:00,32.925,3.9484,401.83,104.88,8.17,196.6
2026-02-14 05:00:00,34.538,3.8468,398.63,101.92,9.29,203.0
2026-02-14 06:00:00,33.848,3.8401,400.52,103.65,8.06,188.1
2026-02-14 07:00:00,33.617,3.8803,402.56,104.36,7.77,188.9
2026-02-14 08:00:00,32.663,3.9407,399.19,104.44,7.69,175.1
2026-02-14 09:00:00,34.0,3.8471,402.04,104.63,6.68,180.6
2026-02-14 10:00:00,32.59,3.859,396.45,105.11,7.81,193.9
2026-02-14 11:00:00,32.673,3.9153,397.75,103.96,8.47,190.5
2026-02-14 12:00:00,32.647,3.8457,400.5,104.52,7.79,182.3
2026-02-14 13:00:00,33.639,4.0241,399.09,104.51,8.3,164.3
2026-02-14 14:00:00,33.224,3.8647,404.15,103.62,7.38,187.8
2026-02-14 15:00:00,33.266,3.872,399.84,101.97,7.82,197.8
2026-02-14 16:00:00,35.056,3.9353,400.82,105.78,8.82,206.6
2026-02-14 17:00:00,34.176,3.8941,400.78,104.27,8.24,192.0
2026-02-14 18:00:00,32.324,3.7948,397.98,100.96,8.05,190.0
2026-02-14 19:00:00,31.437,3.9344,402.6,104.14,9.33,208.7
2026-02-14 20:00:00,31.903,3.9518,401.32,104.63,8.75,182.8
2026-02-14 21:00:00,32.512,3.8587,397.74,103.85,6.84,179.5
2026-02-14 22:00:00,33.674,3.8965,401.15,101.17,7.37,184.4
2026-02-14 23:00:00,33.133,3.8707,402.8,103.91,8.01,190.1
2026-02-15 00:00:00,36.165,3.8764,403.37,104.69,8.12,190.4
2026-02-15 01:00:00,35.966,3.9508,402.84,104.56,8.7,191.2
2026-02-15 02:00:00,36.744,3.8987,393.77,106.01,8.09,178.3
2026-02-15 03:00:00,35.203,3.8558,406.3,104.75,6.75,195.5
2026-02-15 04:00:00,34.99,3.9958,396.84,100.63,8.05,186.5
2026-02-15 05:00:00,34.971,3.7929,401.28,106.51,6.47,201.7
2026-02-15 06:00:00,34.809,4.0175,401.31,103.72,8.88,195.3
2026-02-15 07:00:00,34.784,3.9355,398.47,101.32,9.63,186.5
2026-02-15 08:00:00,34.766,3.9169,395.32,101.97,7.6,184.8
2026-02-15 09:00:00,35.49,3.9561,398.58,104.74,8.48,179.2
2026-02-15 10:00:00,35.656,3.8529,403.19,104.68,8.01,176.6
2026-02-15 11:00:00,35.536,3.8616,402.12,103.82,7.35,199.3
2026-02-15 12:00:00,36.18,3.8703,403.49,103.55,7.75,191.2
2026-02-15 13:00:00,34.614,3.8779,399.52,106.3,9.2,187.4
2026-02-15 14:00:00,37.124,3.8978,401.14,105.33,8.23,214.2
2026-02-15 15:00:00,35.672,3.8401,403.92,103.38,7.76,160.1
2026-02-15 16:00:00,36.477,3.9409,402.4,105.47,9.35,189.5
2026-02-15 17:00:00,36.409,3.8628,398.94,105.59,8.31,176.7
2026-02-15 18:00:00,35.797,3.8909,397.54,104.65,7.68,174.3
2026-02-15 19:00:00,34.233,3.9885,395.46,104.33,8.49,196.4
2026-02-15 20:00:00,34.111,3.8839,400.42,105.2,7.48,178.4
2026-02-15 21:00:00,36.478,3.9553,401.11,103.09,8.33,191.1
2026-02-15 22:00:00,36.303,3.8375,400.35,103.76,7.11,192.2
2026-02-15 23:00:00,35.45,3.8795,401.19,101.87,7.96,194.3
2026-02-16 00:00:00,36.038,3.9538,396.4,101.74,8.19,194.6
2026-02-16 01:00:00,38.006,3.9308,397.38,105.21,7.32,175.1
2026-02-16 02:00:00,38.531,3.9163,402.14,104.85,9.45,192.8
2026-02-16 03:00:00,37.039,3.8486,395.82,106.14,9.18,195.1
2026-02-16 04:00:00,35.976,3.9083,397.94,106.31,8.53,195.1
2026-02-16 05:00:00,36.137,3.9524,401.52,105.12,7.06,195.1
2026-02-16 06:00:00,38.079,3.8741,399.61,105.34,8.77,196.2
2026-02-16 07:00:00,34.0,3.9251,396.45,102.76,8.44,187.0
2026-02-16 08:00:00,36.602,4.0574,402.33,105.08,7.28,183.6
2026-02-16 09:00:00,34.594,3.8734,396.72,103.01,7.83,180.0
2026-02-16 10:00:00,34.213,3.8319,401.36,104.09,8.82,200.4
2026-02-16 11:00:00,35.369,3.9335,395.68,107.42,8.96,187.8
2026-02-16 12:00:00,34.487,3.919,394.39,102.83,8.6,190.8
2026-02-16 13:00:00,35.208,3.9475,396.88,104.43,7.6,181.5
2026-02-16 14:00:00,36.231,3.8504,405.71,103.12,9.59,179.1
2026-02-16 15:00:00,36.384,3.84,395.98,104.24,8.54,177.3
2026-02-16 16:00:00,37.003,3.8601,400.39,104.57,8.48,172.0
2026-02-16 17:00:00,37.469,3.9281,398.72,102.46,6.64,176.4
2026-02-16 18:00:00,36.318,3.8829,396.61,103.21,9.25,186.7
2026-02-16 19:00:00,35.107,3.9675,401.39,104.07,7.51,174.5
2026-02-16 20:00:00,34.479,3.876,399.34,104.53,8.44,192.2
2026-02-16 21:00:00,35.97,3.8496,393.54,103.22,7.24,183.5
2026-02-16 22:00:00,35.44,3.8378,396.67,103.85,8.09,183.4
2026-02-16 23:00:00,36.268,3.889,396.94,104.06,9.51,183.3
2026-02-17 00:00:00,31.897,3.9689,404.49,102.77,9.61,191.2
2026-02-17 01:00:00,30.584,3.8885,401.8,104.08,7.86,202.8
2026-02-17 02:00:00,30.151,3.8478,402.38,105.06,8.88,179.3
2026-02-17 03:00:00,31.819,3.9241,405.29,102.13,8.17,187.2
2026-02-17 04:00:00,29.349,3.8643,403.38,103.3,7.42,198.7
2026-02-17 05:00:00,31.733,3.9493,397.63,103.91,8.82,183.4
2026-02-17 06:00:00,30.126,3.9414,404.69,102.27,5.92,175.5
2026-02-17 07:00:00,29.883,3.8931,401.85,103.78,7.44,191.5
2026-02-17 08:00:00,29.93,3.8977,398.08,108.02,8.65,181.6
2026-02-17 09:00:00,29.897,3.8781,395.07,102.9,7.41,198.8
2026-02-17 10:00:00,30.425,3.8605,395.98,102.24,7.95,187.8
2026-02-17 11:00:00,31.868,3.8685,403.18,104.39,8.0,169.9
2026-02-17 12:00:00,29.626,3.9371,404.19,104.31,8.61,185.9
2026-02-17 13:00:00,30.476,3.8669,402.92,104.51,7.81,186.7
2026-02-17 14:00:00,31.334,3.9162,397.5,106.57,8.21,190.1
2026-02-17 15:00:00,32.185,3.9512,399.74,104.8,7.14,183.6
2026-02-17 16:00:00,28.729,3.961,394.3,105.02,7.34,180.2
2026-02-17 17:00:00,30.639,3.9133,401.84,106.66,8.29,198.8
2026-02-17 18:00:00,30.266,3.9357,400.46,103.31,7.92,189.4
2026-02-17 19:00:00,30.996,3.9201,398.47,102.89,8.6,173.0
2026-02-17 20:00:00,30.247,3.9776,391.88,102.96,8.55,173.5
2026-02-17 21:00:00,33.221,3.7706,404.31,106.34,8.73,187.8
2026-02-17 22:00:00,31.149,3.8551,402.43,102.32,7.78,200.0
2026-02-17 23:00:00,29.789,3.8818,400.49,101.99,8.93,193.4
2026-02-18 00:00:00,34.852,3.8977,397.67,103.01,8.06,182.9
2026-02-18 01:00:00,37.569,3.8648,402.95,103.93,8.68,184.6
2026-02-18 02:00:00,35.959,3.8424,401.73,105.41,9.7,202.9
2026-02-18 03:00:00,36.786,3.8895,401.17,103.96,9.17,199.4
2026-02-18 04:00:00,35.596,3.8656,404.1,104.46,7.81,201.9
2026-02-18 05:00:00,36.088,3.886,398.62,101.06,8.69,177.9
2026-02-18 06:00:00,35.889,3.8628,402.18,103.9,8.01,173.2
2026-02-18 07:00:00,36.417,3.8262,400.92,104.55,7.99,210.4
2026-02-18 08:00:00,37.09,3.9298,400.43,103.71,8.77,201.0
2026-02-18 09:00:00,35.087,3.9527,401.54,105.44,8.37,177.6
2026-02-18 10:00:00,35.228,3.9912,400.76,101.87,8.28,186.4
2026-02-18 11:00:00,34.493,3.7855,395.19,104.41,7.96,187.5
2026-02-18 12:00:00,36.824,3.9301,393.69,103.55,7.34,177.7
2026-02-18 13:00:00,35.913,3.8939,399.2,101.82,7.61,210.2
2026-02-18 14:00:00,35.357,3.8156,400.83,104.89,8.37,178.8
2026-02-18 15:00:00,37.606,3.8607,396.6,103.09,7.91,197.1
2026-02-18 16:00:00,37.196,3.8989,402.8,104.12,8.72,176.0
2026-02-18 17:00:00,34.788,3.9388,395.83,103.55,7.92,185.1
2026-02-18 18:00:00,36.016,3.9696,392.41,105.33,9.84,190.2
2026-02-18 19:00:00,36.492,3.9363,405.49,102.22,8.07,188.1
2026-02-18 20:00:00,37.125,3.908,401.98,103.37,8.04,183.3
2026-02-18 21:00:00,35.785,3.8929,399.57,102.24,9.26,188.6
2026-02-18 22:00:00,34.997,3.9551,397.76,104.76,7.99,192.5
2026-02-18 23:00:00,36.7,3.8712,400.12,107.05,6.21,190.7
2026-02-19 00:00:00,34.198,3.8474,395.89,107.24,7.7,210.8
2026-02-19 01:00:00,34.3,3.9038,401.43,104.95,8.94,194.4
2026-02-19 02:00:00,33.904,3.9088,404.06,105.23,7.2,183.6
2026-02-19 03:00:00,34.093,3.8689,398.87,102.57,7.79,194.2
2026-02-19 04:00:00,34.766,3.9005,406.22,103.89,10.55,200.0
2026-02-19 05:00:00,34.261,3.875,391.53,103.77,8.14,209.2
2026-02-19 06:00:00,32.36,3.9953,399.25,105.09,5.97,191.4
2026-02-19 07:00:00,33.41,3.9341,400.27,102.29,8.76,196.9
2026-02-19 08:00:00,34.362,3.9504,403.3,103.97,6.91,176.2
2026-02-19 09:00:00,35.125,3.9355,400.31,103.35,8.03,190.2
2026-02-19 10:00:00,33.417,3.865,406.49,104.34,7.52,177.0
2026-02-19 11:00:00,33.023,3.936,402.28,103.67,8.04,186.9
2026-02-19 12:00:00,32.636,3.9651,401.12,107.71,7.4,188.6
2026-02-19 13:00:00,34.652,3.8877,395.84,102.58,8.08,193.4
2026-02-19 14:00:00,33.662,3.9502,402.98,104.48,8.02,187.5
2026-02-19 15:00:00,34.316,3.946,400.18,104.67,7.74,175.9
2026-02-19 16:00:00,32.744,3.9383,401.34,106.39,8.04,198.6
2026-02-19 17:00:00,35.098,3.9497,398.17,103.72,8.1,180.1
2026-02-19 18:00:00,34.238,3.9512,398.56,106.96,7.77,188.0
2026-02-19 19:00:00,33.516,3.8646,401.25,104.03,9.33,196.1
2026-02-19 20:00:00,34.302,3.8889,395.76,103.87,7.32,199.5
2026-02-19 21:00:00,33.727,3.9833,402.21,105.25,8.18,192.1
2026-02-19 22:00:00,34.419,3.9461,397.87,104.74,10.1,189.1
2026-02-19 23:00:00,33.499,3.8654,395.65,105.78,8.05,193.0
2026-02-20 00:00:00,38.63,4.0255,397.33,105.58,8.5,194.0
2026-02-20 01:00:00,37.132,3.8989,404.77,104.92,8.28,202.5
2026-02-20 02:00:00,37.592,3.9231,400.99,106.64,8.41,189.1
2026-02-20 03:00:00,35.666,3.8829,396.86,104.17,8.21,169.5
2026-02-20 04:00:00,36.628,3.9326,400.51,102.57,9.02,183.1
2026-02-20 05:00:00,35.258,3.8461,399.96,105.48,8.93,192.1
2026-02-20 06:00:00,35.296,3.8673,397.31,103.74,6.58,191.1
2026-02-20 07:00:00,37.314,3.8926,401.38,102.59,6.84,183.6
2026-02-20 08:00:00,37.876,3.9515,398.63,105.81,7.74,205.1
2026-02-20 09:00:00,37.135,3.8774,402.39,102.84,7.25,175.5
2026-02-20 10:00:00,36.888,3.8973,399.77,103.39,9.15,185.8
2026-02-20 11:00:00,35.81,3.9623,404.26,104.51,6.61,184.0
2026-02-20 12:00:00,37.277,3.9009,404.66,101.95,8.54,183.7
2026-02-20 13:00:00,38.057,3.8962,403.09,103.03,6.87,178.9
2026-02-20 14:00:00,35.938,3.8488,403.6,106.01,8.22,179.7
2026-02-20 15:00:00,36.474,3.8657,404.36,104.47,8.39,186.0
2026-02-20 16:00:00,34.396,3.8614,396.65,104.56,8.08,182.0
2026-02-20 17:00:00,36.178,3.9783,397.12,102.62,7.82,183.0
2026-02-20 18:00:00,36.134,3.9266,405.2,101.33,7.99,190.4
2026-02-20 19:00:00,36.512,3.8906,398.98,105.51,7.63,188.7
2026-02-20 20:00:00,36.604,3.9054,399.49,105.5,7.99,191.7
2026-02-20 21:00:00,36.548,3.8498,397.51,102.42,8.15,182.9
2026-02-20 22:00:00,35.439,3.9119,401.58,101.36,9.35,190.3
2026-02-20 23:00:00,36.489,3.9533,400.21,103.09,9.76,179.3
2026-02-21 00:00:00,32.885,3.9424,396.79,103.85,8.31,214.0
2026-02-21 01:00:00,32.098,3.8976,401.98,104.12,7.04,194.1
2026-02-21 02:00:00,33.088,3.9223,403.39,105.52,8.33,193.1
2026-02-21 03:00:00,31.894,3.8933,400.66,103.4,8.08,181.7
2026-02-21 04:00:00,34.499,4.0076,398.83,104.6,7.81,202.6
2026-02-21 05:00:00,33.412,3.9039,399.33,104.19,7.2,196.8
2026-02-21 06:00:00,32.275,3.9267,400.39,105.64,7.99,200.2
2026-02-21 07:00:00,32.069,3.9305,399.33,104.29,8.06,199.4
2026-02-21 08:00:00,30.983,3.9162,395.52,105.81,6.42,180.0
2026-02-21 09:00:00,31.325,3.982,396.13,104.17,7.57,172.0
2026-02-21 10:00:00,32.648,3.9331,399.45,105.41,7.71,190.1
2026-02-21 11:00:00,32.601,3.9172,405.7,104.54,8.16,183.8
2026-02-21 12:00:00,32.234,3.9732,396.66,102.63,7.92,185.7
2026-02-21 13:00:00,34.917,3.7817,401.08,105.07,7.1,183.6
2026-02-21 14:00:00,33.409,3.9815,397.24,101.63,8.78,205.2
2026-02-21 15:00:00,32.65,3.7893,404.36,103.7,8.9,189.6
2026-02-21 16:00:00,32.61,3.8774,404.42,106.15,6.29,180.6
2026-02-21 17:00:00,34.74,3.8816,395.92,104.01,7.91,189.0
2026-02-21 18:00:00,32.507,3.8845,398.63,104.5,7.35,187.1
2026-02-21 19:00:00,32.839,3.9653,401.12,103.84,8.43,194.1
2026-02-21 20:00:00,34.058,3.9253,405.38,106.02,7.97,185.9
2026-02-21 21:00:00,33.854,3.9258,399.72,101.78,6.53,193.5
2026-02-21 22:00:00,33.744,3.9402,396.14,105.56,7.57,193.9
2026-02-21 23:00:00,33.394,3.8599,398.23,100.89,7.27,172.0
2026-02-22 00:00:00,37.979,3.9031,402.74,104.53,7.49,193.5
2026-02-22 01:00:00,37.048,3.9305,400.95,102.52,8.0,190.6
2026-02-22 02:00:00,37.141,3.9447,405.14,103.45,7.72,167.5
2026-02-22 03:00:00,37.343,3.8782,393.52,104.43,8.47,182.7
2026-02-22 04:00:00,37.068,3.8517,402.29,101.72,7.75,209.5
2026-02-22 05:00:00,37.546,3.9234,399.56,102.24,7.97,194.1
2026-02-22 06:00:00,36.337,3.9171,403.73,105.6,6.73,180.2
2026-02-22 07:00:00,35.673,3.9536,401.83,105.05,7.3,178.3
2026-02-22 08:00:00,37.574,3.905,397.44,104.21,8.52,192.3
2026-02-22 09:00:00,36.319,3.7944,399.22,104.25,7.79,185.7
2026-02-22 10:00:00,36.71,3.9358,399.84,104.18,7.22,183.8
2026-02-22 11:00:00,37.672,3.8497,396.22,103.51,8.96,191.9
2026-02-22 12:00:00,39.129,3.8934,399.07,101.91,7.54,204.4
2026-02-22 13:00:00,37.856,3.9367,402.12,103.99,7.84,191.2
2026-02-22 14:00:00,38.243,3.9229,401.48,104.23,7.38,187.4
2026-02-22 15:00:00,36.429,3.9502,393.69,103.67,9.91,186.6
2026-02-22 16:00:00,36.211,3.8991,403.87,103.76,8.49,191.0
2026-02-22 17:00:00,37.068,4.0575,400.21,103.19,7.61,193.8
2026-02-22 18:00:00,37.948,3.9386,400.42,101.85,8.43,186.9
2026-02-22 19:00:00,37.166,3.8259,398.28,102.91,7.97,175.5
2026-02-22 20:00:00,37.545,3.9062,396.64,103.06,7.31,199.1
2026-02-22 21:00:00,34.644,3.8828,395.02,103.35,8.68,183.7
2026-02-22 22:00:00,37.643,3.8578,405.82,105.37,8.9,176.7
2026-02-22 23:00:00,36.249,3.954,399.42,103.61,8.27,177.4
2026-02-23 00:00:00,37.504,3.9009,401.44,102.99,8.41,183.0
2026-02-23 01:00:00,37.704,3.9565,402.74,104.77,8.51,162.9
2026-02-23 02:00:00,37.572,3.8863,400.28,103.57,6.89,184.6
2026-02-23 03:00:00,37.378,3.9709,398.13,102.64,9.16,181.2
2026-02-23 04:00:00,38.934,3.9025,397.35,105.48,9.35,175.7
2026-02-23 05:00:00,38.368,3.8859,404.46,103.43,6.74,195.0
2026-02-23 06:00:00,37.673,4.0048,405.17,105.04,7.81,184.8
2026-02-23 07:00:00,36.33,3.8585,399.18,100.18,8.14,189.7
2026-02-23 08:00:00,39.476,3.9379,398.56,104.85,7.02,184.0
2026-02-23 09:00:00,34.6,3.9718,401.78,102.24,7.95,199.5
2026-02-23 10:00:00,37.199,3.9191,397.43,103.04,8.08,199.2
2026-02-23 11:00:00,35.743,3.8439,403.43,102.6,8.86,192.4
2026-02-23 12:00:00,37.623,3.9872,402.07,105.16,7.27,183.0
2026-02-23 13:00:00,37.362,3.9767,404.18,107.47,8.25,192.0
2026-02-23 14:00:00,37.761,3.9009,399.81,102.43,8.79,179.3
2026-02-23 15:00:00,37.217,3.829,403.29,102.46,8.67,174.1
2026-02-23 16:00:00,36.17,3.9589,397.58,104.1,7.62,166.9
2026-02-23 17:00:00,36.993,3.9216,396.68,104.86,7.36,180.0
2026-02-23 18:00:00,36.662,3.8659,406.88,101.67,8.59,199.9
2026-02-23 19:00:00,34.478,3.8134,401.69,103.28,8.31,201.4
2026-02-23 20:00:00,36.245,3.8468,391.81,104.31,7.26,193.1
2026-02-23 21:00:00,36.909,3.8308,405.17,105.62,8.68,178.2
2026-02-23 22:00:00,36.206,3.8727,398.76,102.31,8.35,192.3
2026-02-23 23:00:00,37.056,3.8747,403.87,104.28,5.81,183.6
2026-02-24 00:00:00,35.727,3.9483,399.1,103.62,7.47,196.7
2026-02-24 01:00:00,35.308,3.8698,397.77,104.83,7.57,173.2
2026-02-24 02:00:00,36.457,3.8649,401.07,104.56,8.96,200.4
2026-02-24 03:00:00,35.171,3.8917,396.13,106.52,8.35,203.9
2026-02-24 04:00:00,35.446,3.7975,404.6,104.14,8.11,190.6
2026-02-24 05:00:00,36.48,3.9267,395.23,105.63,7.58,185.3
2026-02-24 06:00:00,37.643,3.946,398.99,101.22,8.13,195.4
2026-02-24 07:00:00,35.702,3.8377,397.63,102.12,8.17,198.2
2026-02-24 08:00:00,36.889,3.8634,400.71,104.83,7.59,188.5
2026-02-24 09:00:00,38.069,3.9103,402.65,103.35,8.03,172.9
2026-02-24 10:00:00,35.761,3.9596,406.3,105.79,8.55,190.5
2026-02-24 11:00:00,35.144,3.892,401.84,102.82,8.75,180.2
2026-02-24 12:00:00,33.878,3.8494,395.0,101.94,8.91,188.0
2026-02-24 13:00:00,36.023,3.9579,403.78,103.24,9.06,193.8
2026-02-24 14:00:00,35.792,3.9221,395.72,102.82,7.91,196.1
2026-02-24 15:00:00,35.389,3.8936,402.91,106.12,8.61,202.7
2026-02-24 16:00:00,35.354,3.8847,400.96,103.55,7.59,206.5
2026-02-24 17:00:00,35.572,3.8517,401.46,106.75,8.06,202.3
2026-02-24 18:00:00,35.318,3.8754,397.93,103.78,9.47,178.4
2026-02-24 19:00:00,37.546,3.8496,399.3,105.25,8.5,192.8
2026-02-24 20:00:00,34.017,3.9181,396.93,107.85,7.83,191.9
2026-02-24 21:00:00,34.557,3.8761,396.13,105.47,7.79,195.6
2026-02-24 22:00:00,35.053,3.8749,403.86,102.54,6.56,194.1
2026-02-24 23:00:00,34.563,3.878,402.73,102.77,8.7,183.2
2026-02-25 00:00:00,4.806,3.9663,398.59,103.68,7.33,192.0
2026-02-25 01:00:00,5.518,3.8277,402.75,102.01,7.31,172.1
2026-02-25 02:00:00,6.591,3.9029,400.73,102.99,8.85,169.0
2026-02-25 03:00:00,6.718,4.0103,398.85,104.03,8.54,181.9
2026-02-25 04:00:00,7.463,3.948,400.58,104.56,7.72,193.2
2026-02-25 05:00:00,8.222,3.9728,402.17,103.63,6.04,197.2
2026-02-25 06:00:00,9.283,3.8542,394.0,102.29,8.74,179.4
2026-02-25 07:00:00,9.468,3.911,403.67,103.97,7.92,184.5
2026-02-25 08:00:00,11.287,3.9533,399.71,101.91,7.37,195.8
2026-02-25 09:00:00,10.778,3.9446,401.08,104.44,8.52,195.0
2026-02-25 10:00:00,11.417,3.8837,407.02,102.19,7.62,200.7
2026-02-25 11:00:00,12.571,3.8594,396.03,104.8,8.82,204.0
2026-02-25 12:00:00,13.454,3.9522,396.9,104.25,7.46,191.7
2026-02-25 13:00:00,14.694,3.9535,397.03,105.9,7.62,179.7
2026-02-25 14:00:00,14.781,3.8269,400.01,104.43,7.84,195.4
2026-02-25 15:00:00,15.407,3.9002,395.68,104.06,7.32,185.5
2026-02-25 16:00:00,16.322,3.9095,395.06,101.65,7.76,194.7
2026-02-25 17:00:00,17.453,3.9446,403.9,104.74,7.98,179.7
2026-02-25 18:00:00,17.044,3.8766,400.8,104.33,8.0,188.5
2026-02-25 19:00:00,18.454,3.9104,400.89,104.46,7.56,179.7
2026-02-25 20:00:00,18.329,3.9208,399.34,103.38,9.82,182.4
2026-02-25 21:00:00,17.695,3.9133,396.54,104.18,9.44,199.3
2026-02-25 22:00:00,18.455,3.9296,400.34,105.44,7.88,185.8
2026-02-25 23:00:00,17.981,3.9453,400.99,105.01,6.38,201.9
2026-02-26 00:00:00,37.136,3.9667,399.05,102.73,8.22,180.1
2026-02-26 01:00:00,35.455,3.8737,402.88,106.04,6.37,192.9
2026-02-26 02:00:00,33.973,3.8295,398.15,103.67,8.83,174.8
2026-02-26 03:00:00,35.793,4.0009,401.79,104.82,7.99,178.2
2026-02-26 04:00:00,35.256,3.9192,402.19,107.85,8.58,194.3
2026-02-26 05:00:00,36.325,3.8327,396.57,103.44,7.48,196.9
2026-02-26 06:00:00,34.369,3.987,404.56,105.16,7.69,196.2
2026-02-26 07:00:00,35.544,3.8467,401.05,105.06,8.17,205.7
2026-02-26 08:00:00,35.963,3.8587,400.37,102.75,8.46,181.3
2026-02-26 09:00:00,35.661,3.9194,402.91,103.78,6.83,207.7
2026-02-26 10:00:00,34.52,3.9688,401.29,105.01,9.46,193.4
2026-02-26 11:00:00,36.157,3.8258,402.61,103.64,7.89,190.1
2026-02-26 12:00:00,35.06,3.9829,394.44,104.07,7.43,201.7
2026-02-26 13:00:00,34.259,3.9228,398.81,105.0,8.81,186.0
2026-02-26 14:00:00,34.751,3.829,400.92,105.28,7.56,201.2
2026-02-26 15:00:00,32.541,3.8074,395.84,103.27,8.01,189.2
2026-02-26 16:00:00,34.63,3.9362,398.58,102.1,7.0,211.1
2026-02-26 17:00:00,32.251,3.8912,404.37,104.73,7.34,190.0
2026-02-26 18:00:00,35.599,3.9604,397.3,105.14,8.2,201.0
2026-02-26 19:00:00,36.147,3.8828,395.65,104.59,9.42,196.9
2026-02-26 20:00:00,34.939,4.0201,396.88,105.35,7.54,190.5
2026-02-26 21:00:00,34.793,3.9757,397.19,103.2,6.73,194.9
2026-02-26 22:00:00,34.222,3.9211,396.78,103.46,8.83,188.3
2026-02-26 23:00:00,35.351,3.9264,398.94,101.66,8.79,191.7
2026-02-27 00:00:00,37.608,3.7994,395.04,100.79,7.3,200.4
2026-02-27 01:00:00,37.151,3.8983,400.39,105.14,7.76,194.0
2026-02-27 02:00:00,36.684,3.7906,398.85,106.04,7.68,188.6
2026-02-27 03:00:00,35.866,3.8758,403.37,103.6,7.18,158.9
2026-02-27 04:00:00,35.903,3.8017,394.53,105.19,8.57,170.8
2026-02-27 05:00:00,37.464,3.923,397.65,105.1,6.7,178.0
2026-02-27 06:00:00,34.953,3.8444,402.64,102.0,7.08,180.5
2026-02-27 07:00:00,36.745,3.883,402.59,102.93,6.97,185.0
2026-02-27 08:00:00,36.569,3.8533,400.82,106.72,7.53,190.4
2026-02-27 09:00:00,38.003,3.8671,397.43,102.34,8.31,195.0
2026-02-27 10:00:00,36.352,3.9013,403.77,105.27,6.86,189.7
2026-02-27 11:00:00,36.623,3.9349,399.26,103.0,7.61,172.0
2026-02-27 12:00:00,36.474,3.8688,401.32,102.42,7.63,179.9
2026-02-27 13:00:00,35.328,3.9334,398.51,104.62,7.08,190.6
2026-02-27 14:00:00,34.64,3.8742,398.38,104.82,8.11,187.8
2026-02-27 15:00:00,37.404,3.9075,401.49,105.09,7.91,186.6
2026-02-27 16:00:00,36.842,3.877,401.03,105.59,8.65,185.7
2026-02-27 17:00:00,35.075,3.895,399.49,105.59,7.66,187.5
2026-02-27 18:00:00,37.285,3.8738,399.38,106.5,9.15,195.8
2026-02-27 19:00:00,36.773,3.8493,401.53,104.02,8.14,184.4
2026-02-27 20:00:00,36.466,3.8884,400.8,106.07,8.25,173.0
2026-02-27 21:00:00,35.418,3.8186,397.48,104.77,8.28,183.5
2026-02-27 22:00:00,36.77,3.8598,395.6,101.82,7.28,203.7
2026-02-27 23:00:00,35.012,3.9596,403.83,103.65,7.92,183.4
2026-02-28 00:00:00,33.89,3.9304,399.88,105.42,8.91,192.9
2026-02-28 01:00:00,34.246,3.8944,400.88,102.26,8.28,191.5
2026-02-28 02:00:00,33.036,4.0048,396.93,102.62,8.18,170.1
2026-02-28 03:00:00,33.107,3.8213,396.95,103.72,8.21,200.5
2026-02-28 04:00:00,34.731,3.9565,401.6,103.22,8.85,184.6
2026-02-28 05:00:00,33.286,3.9736,402.2,104.25,8.56,198.2
2026-02-28 06:00:00,32.523,3.8926,396.3,104.1,7.42,203.0
2026-02-28 07:00:00,34.437,3.8567,399.78,102.1,7.99,194.9
2026-02-28 08:00:00,34.177,3.8008,398.83,104.68,8.2,201.0
2026-02-28 09:00:00,32.599,3.9233,397.88,104.21,8.28,196.3
2026-02-28 10:00:00,33.32,3.9064,396.33,101.8,8.4,188.9
2026-02-28 11:00:00,32.258,3.8546,399.88,106.25,8.79,197.4
2026-02-28 12:00:00,32.088,3.8922,401.26,104.5,8.29,187.1
2026-02-28 13:00:00,35.696,3.9709,399.54,102.44,9.6,183.9
2026-02-28 14:00:00,35.125,3.9925,397.0,104.35,7.68,194.6
2026-02-28 15:00:00,34.232,3.9943,401.59,103.9,8.85,186.7
2026-02-28 16:00:00,33.534,4.009,397.36,103.18,7.99,178.8
2026-02-28 17:00:00,31.757,3.9498,397.47,103.1,7.66,179.6
2026-02-28 18:00:00,32.811,3.9051,407.02,105.02,8.55,174.4
2026-02-28 19:00:00,33.881,3.8379,402.14,103.57,7.98,188.5
2026-02-28 20:00:00,33.311,3.821,401.56,101.84,7.01,186.4
2026-02-28 21:00:00,33.186,3.9101,402.85,104.28,8.11,189.6
2026-02-28 22:00:00,34.78,3.8048,400.92,102.51,6.97,189.5
2026-02-28 23:00:00,33.511,3.9262,403.13,100.42,7.89,209.0
2026-03-01 00:00:00,38.297,3.9694,400.13,101.76,7.05,196.5
2026-03-01 01:00:00,38.4,3.8605,399.02,104.3,6.55,185.9
2026-03-01 02:00:00,39.14,4.0063,399.5,106.66,7.53,181.3
2026-03-01 03:00:00,34.814,3.9449,398.7,107.42,8.22,191.3
2026-03-01 04:00:00,35.299,3.9721,398.74,103.67,6.19,198.7
2026-03-01 05:00:00,38.435,3.8668,400.11,104.5,8.72,190.5
2026-03-01 06:00:00,39.259,3.885,398.01,103.21,5.92,181.4
2026-03-01 07:00:00,38.457,3.9104,397.38,104.44,6.34,186.6
2026-03-01 08:00:00,37.918,3.9322,397.51,105.29,9.45,185.2
2026-03-01 09:00:00,38.161,3.8194,393.95,104.84,7.99,191.5
2026-03-01 10:00:00,36.677,3.8827,402.27,106.5,7.78,173.0
2026-03-01 11:00:00,38.762,3.9275,401.89,104.2,9.82,190.2
2026-03-01 12:00:00,37.91,3.8047,398.11,102.89,7.94,193.0
2026-03-01 13:00:00,36.492,3.984,396.65,103.25,8.15,177.0
2026-03-01 14:00:00,37.973,3.9291,398.97,106.79,8.02,192.3
2026-03-01 15:00:00,36.255,3.8137,397.95,103.44,7.59,197.2
2026-03-01 16:00:00,34.655,3.8407,394.36,105.94,7.51,184.3
2026-03-01 17:00:00,36.097,3.9425,398.61,104.26,6.33,201.2
2026-03-01 18:00:00,37.777,3.9251,403.56,103.63,7.83,196.7
2026-03-01 19:00:00,37.814,3.8853,399.98,103.17,8.53,198.9
2026-03-01 20:00:00,37.341,3.9916,395.23,103.58,9.33,185.3
2026-03-01 21:00:00,35.538,3.9675,401.49,102.13,8.58,179.3
2026-03-01 22:00:00,35.83,3.89,398.41,102.28,7.67,179.5
2026-03-01 23:00:00,37.404,3.8965,402.1,103.24,6.89,176.3
2026-03-02 00:00:00,38.424,3.9746,402.41,102.96,8.72,177.9
2026-03-02 01:00:00,39.892,3.8784,402.17,104.87,7.74,192.8
2026-03-02 02:00:00,37.467,3.894,403.12,110.09,8.53,190.4
2026-03-02 03:00:00,37.53,3.9508,394.88,102.72,8.25,177.4
2026-03-02 04:00:00,40.508,3.9525,398.15,103.1,6.9,175.5
2026-03-02 05:00:00,39.228,3.929,400.92,104.33,7.51,193.2
2026-03-02 06:00:00,36.995,3.8981,404.3,105.92,7.59,186.2
2026-03-02 07:00:00,40.32,3.9874,395.36,103.29,8.15,201.8
2026-03-02 08:00:00,37.734,3.9299,398.96,107.51,8.31,188.2
2026-03-02 09:00:00,38.321,3.9507,401.91,102.3,8.14,176.1
2026-03-02 10:00:00,37.83,3.8328,395.87,102.9,7.18,194.8
2026-03-02 11:00:00,39.644,3.8858,396.49,105.14,6.34,170.2
2026-03-02 12:00:00,39.563,3.9307,402.8,103.61,6.95,184.4
2026-03-02 13:00:00,39.376,3.8593,397.75,101.83,7.03,198.0
2026-03-02 14:00:00,39.244,3.8394,396.61,103.09,8.4,177.8
2026-03-02 15:00:00,38.517,3.7901,396.08,104.57,8.69,177.9
2026-03-02 16:00:00,37.81,3.9378,398.69,103.12,8.38,191.5
2026-03-02 17:00:00,40.012,3.9377,398.13,103.75,7.92,175.9
2026-03-02 18:00:00,37.578,3.9466,395.09,105.43,8.19,188.2
2026-03-02 19:00:00,39.344,3.9218,403.51,103.33,7.78,187.1
2026-03-02 20:00:00,40.913,3.9453,397.09,103.43,7.4,189.7
2026-03-02 21:00:00,38.967,4.013,394.38,105.49,8.32,182.6
2026-03-02 22:00:00,38.544,3.8731,400.03,105.46,6.75,202.8
2026-03-02 23:00:00,38.284,3.9734,401.12,105.8,8.42,200.5
2026-03-03 00:00:00,34.509,3.8565,401.91,105.02,9.66,169.5
2026-03-03 01:00:00,34.248,3.9515,396.13,103.61,9.67,203.9
2026-03-03 02:00:00,33.542,3.9698,403.46,105.12,8.28,192.1
2026-03-03 03:00:00,33.554,3.8725,402.11,104.16,9.46,186.4
2026-03-03 04:00:00,31.969,3.8818,400.74,104.53,8.03,181.5
2026-03-03 05:00:00,36.008,3.8653,402.05,103.53,7.02,203.9
2026-03-03 06:00:00,31.861,3.856,401.22,103.43,8.58,188.7
2026-03-03 07:00:00,33.994,4.0069,399.27,103.73,7.11,182.3
2026-03-03 08:00:00,35.138,3.9271,399.94,102.92,8.53,172.7
2026-03-03 09:00:00,34.114,3.8864,397.4,104.2,7.45,181.8
2026-03-03 10:00:00,36.336,3.9362,403.55,104.05,8.76,197.7
2026-03-03 11:00:00,35.731,4.0178,399.28,104.37,7.95,154.7
2026-03-03 12:00:00,33.033,3.9005,401.87,103.12,8.9,202.8
2026-03-03 13:00:00,34.054,3.9709,405.24,104.69,7.21,204.6
2026-03-03 14:00:00,34.316,3.8809,400.34,103.19,8.86,197.8
2026-03-03 15:00:00,35.749,3.929,397.62,103.76,8.7,185.9
2026-03-03 16:00:00,37.51,3.8879,398.24,105.72,8.6,189.7
2026-03-03 17:00:00,34.251,3.9213,402.51,105.14,7.76,194.3
2026-03-03 18:00:00,35.362,3.9382,390.74,102.66,7.38,187.7
2026-03-03 19:00:00,34.674,3.9461,401.85,103.81,8.02,207.6
2026-03-03 20:00:00,33.855,3.9152,404.7,104.52,6.37,193.7
2026-03-03 21:00:00,34.088,3.8943,403.15,104.7,7.79,198.9
2026-03-03 22:00:00,34.939,3.9053,400.9,104.38,7.73,185.4
2026-03-03 23:00:00,34.515,3.8523,396.22,105.95,7.81,189.8
2026-03-04 00:00:00,35.003,3.9012,400.07,104.1,7.36,199.3
2026-03-04 01:00:00,34.415,3.9517,394.24,102.41,8.79,188.5
2026-03-04 02:00:00,34.438,3.9188,396.86,104.12,6.23,185.5
2026-03-04 03:00:00,34.46,3.927,402.63,102.72,9.29,184.1
2026-03-04 04:00:00,32.977,3.781,404.62,103.87,7.48,182.5
2026-03-04 05:00:00,33.993,3.9676,399.75,106.69,7.84,166.5
2026-03-04 06:00:00,36.035,3.8816,399.29,106.35,7.79,201.6
2026-03-04 07:00:00,35.14,3.8624,401.52,103.1,8.98,199.6
2026-03-04 08:00:00,35.211,3.9305,401.69,103.59,8.72,187.7
2026-03-04 09:00:00,35.795,3.8525,400.31,104.62,7.37,185.9
2026-03-04 10:00:00,34.585,3.9365,397.85,104.66,9.22,193.6
2026-03-04 11:00:00,33.451,3.9066,403.14,103.58,8.89,196.2
2026-03-04 12:00:00,35.596,3.8873,398.49,103.63,8.06,195.3
2026-03-04 13:00:00,35.598,3.8854,400.23,104.6,6.71,182.4
2026-03-04 14:00:00,34.315,3.8904,399.21,103.63,7.31,196.9
2026-03-04 15:00:00,35.452,3.8186,400.08,102.33,9.37,185.6
2026-03-04 16:00:00,34.746,3.905,399.45,103.94,9.25,192.4
2026-03-04 17:00:00,36.043,3.9572,397.13,106.56,8.56,199.7
2026-03-04 18:00:00,34.253,3.9417,401.29,103.22,9.84,195.8
2026-03-04 19:00:00,34.912,3.9106,402.79,105.72,8.48,202.4
2026-03-04 20:00:00,36.715,3.8392,398.6,102.62,8.09,204.6
2026-03-04 21:00:00,35.854,3.8487,399.18,105.57,7.59,189.2
2026-03-04 22:00:00,35.487,3.8099,402.4,104.54,8.47,180.4
2026-03-04 23:00:00,34.356,3.8712,400.81,104.14,8.12,208.1
2026-03-05 00:00:00,36.684,3.865,398.1,106.6,7.76,204.0
2026-03-05 01:00:00,36.994,3.8739,399.25,104.15,7.32,180.4
2026-03-05 02:00:00,34.877,3.9436,398.72,103.72,7.64,176.6
2026-03-05 03:00:00,36.873,3.7839,398.1,104.87,6.9,196.2
2026-03-05 04:00:00,36.628,3.858,400.69,102.36,8.42,191.1
2026-03-05 05:00:00,35.53,3.9693,401.47,106.05,8.52,178.2
2026-03-05 06:00:00,35.578,3.9254,395.72,106.03,8.07,193.9
2026-03-05 07:00:00,34.353,3.9046,400.96,103.54,8.08,169.0
2026-03-05 08:00:00,36.743,3.8452,393.51,102.59,7.35,195.6
2026-03-05 09:00:00,34.334,3.9151,397.18,107.34,8.45,209.7
2026-03-05 10:00:00,34.226,3.9341,397.19,104.89,8.56,174.2
2026-03-05 11:00:00,34.096,3.8425,395.54,102.93,7.24,175.7
2026-03-05 12:00:00,35.401,3.928,396.1,103.19,8.02,187.8
2026-03-05 13:00:00,34.554,3.9412,402.58,105.04,7.84,210.0
2026-03-05 14:00:00,37.136,3.8805,399.67,105.8,7.37,194.1
2026-03-05 15:00:00,35.341,3.8654,399.34,101.66,7.57,170.1
2026-03-05 16:00:00,37.705,3.9758,403.71,104.47,8.81,202.8
2026-03-05 17:00:00,36.365,3.9463,397.29,104.65,7.58,178.3
2026-03-05 18:00:00,34.08,3.9217,403.18,101.96,9.4,204.7
2026-03-05 19:00:00,34.883,3.8771,399.79,105.48,7.7,179.0
2026-03-05 20:00:00,35.648,3.7969,400.43,105.74,8.25,197.8
2026-03-05 21:00:00,35.805,3.9364,400.44,102.76,7.82,189.3
2026-03-05 22:00:00,36.613,3.9813,401.26,102.87,7.42,188.1
2026-03-05 23:00:00,36.751,3.9167,399.83,102.85,8.71,192.9
2026-03-06 00:00:00,35.918,3.9052,405.06,103.76,9.35,202.4
2026-03-06 01:00:00,36.029,3.9442,399.63,102.76,7.79,180.9
2026-03-06 02:00:00,36.524,3.9007,401.7,105.24,5.5,193.1
2026-03-06 03:00:00,34.028,3.9083,397.37,104.16,9.09,172.9
2026-03-06 04:00:00,36.178,3.8961,394.32,104.97,8.03,184.9
2026-03-06 05:00:00,35.193,4.0606,398.82,101.3,7.26,186.3
2026-03-06 06:00:00,35.558,3.8961,396.86,104.81,7.61,176.4
2026-03-06 07:00:00,35.092,3.8808,402.55,104.73,7.73,190.2
2026-03-06 08:00:00,36.205,4.0019,398.15,104.7,8.58,180.5
2026-03-06 09:00:00,36.177,3.9082,398.59,104.85,8.82,201.3
2026-03-06 10:00:00,35.765,3.9095,407.05,102.34,8.18,198.9
2026-03-06 11:00:00,36.134,3.9328,400.52,105.13,9.03,187.8
2026-03-06 12:00:00,36.186,3.8972,398.79,103.97,7.09,197.4
2026-03-06 13:00:00,37.81,3.9852,403.83,102.55,9.22,182.8
2026-03-06 14:00:00,35.915,3.9923,396.78,105.26,8.23,188.5
2026-03-06 15:00:00,35.027,3.9211,398.61,105.57,8.98,176.2
2026-03-06 16:00:00,35.427,3.884,396.45,102.32,8.07,187.9
2026-03-06 17:00:00,34.19,3.8731,401.56,102.19,7.26,205.9
2026-03-06 18:00:00,37.394,3.8189,395.95,104.57,7.05,187.5
2026-03-06 19:00:00,35.485,3.928,392.41,100.7,7.02,200.1
2026-03-06 20:00:00,35.806,3.8146,401.48,105.06,7.8,186.7
2026-03-06 21:00:00,36.445,3.9605,400.46,104.8,7.96,186.2
2026-03-06 22:00:00,34.984,3.9128,399.1,103.63,8.74,194.9
2026-03-06 23:00:00,36.911,3.8212,401.68,103.12,7.35,181.5
2026-03-07 00:00:00,36.511,3.9414,397.85,102.29,8.01,185.4
2026-03-07 01:00:00,36.985,3.8269,394.51,103.62,8.01,191.3
2026-03-07 02:00:00,36.027,4.0037,398.97,103.18,6.59,192.4
2026-03-07 03:00:00,36.133,3.887,403.54,104.05,9.21,193.3
2026-03-07 04:00:00,34.114,3.8682,395.4,101.39,8.21,198.7
2026-03-07 05:00:00,37.297,3.8972,399.29,102.34,8.79,193.9
2026-03-07 06:00:00,34.602,3.9344,401.68,101.2,8.59,191.4
2026-03-07 07:00:00,34.817,3.8791,405.25,106.3,9.46,178.5
2026-03-07 08:00:00,34.539,3.9453,396.37,102.92,6.56,208.5
2026-03-07 09:00:00,36.354,3.9229,400.66,103.37,7.68,196.2
2026-03-07 10:00:00,34.479,3.9614,398.52,102.69,9.04,188.6
2026-03-07 11:00:00,35.818,3.8793,393.25,104.82,6.92,200.8
2026-03-07 12:00:00,33.592,3.8068,400.92,104.64,8.09,177.9
2026-03-07 13:00:00,36.17,3.8268,398.61,102.82,7.7,198.5
2026-03-07 14:00:00,34.561,3.9282,402.08,101.43,7.07,186.2
2026-03-07 15:00:00,34.605,3.9154,394.21,105.08,8.6,188.3
2026-03-07 16:00:00,33.769,3.9003,398.39,104.85,7.93,197.3
2026-03-07 17:00:00,34.773,3.9721,393.09,102.48,8.39,174.9
2026-03-07 18:00:00,36.009,3.8392,400.28,102.63,7.65,191.7
2026-03-07 19:00:00,35.12,3.8809,406.46,104.01,7.22,199.3
2026-03-07 20:00:00,36.099,3.9611,405.36,102.59,8.85,201.4
2026-03-07 21:00:00,35.232,3.9123,390.99,103.14,9.43,172.1
2026-03-07 22:00:00,34.665,3.9144,401.73,106.45,6.59,190.4
2026-03-07 23:00:00,36.14,3.8343,399.88,106.83,9.05,195.4
2026-03-08 00:00:00,31.839,3.8935,401.16,103.54,7.95,220.8
2026-03-08 01:00:00,34.326,3.8515,400.73,103.53,7.75,189.1
2026-03-08 02:00:00,35.351,3.9119,396.4,103.8,8.38,185.3
2026-03-08 03:00:00,35.739,3.9389,397.03,104.48,9.59,205.6
2026-03-08 04:00:00,34.49,3.9449,397.98,101.83,8.44,192.5
2026-03-08 05:00:00,35.081,3.8988,400.98,103.23,8.38,198.3
2026-03-08 06:00:00,34.488,3.9407,394.69,102.82,9.16,207.6
2026-03-08 07:00:00,34.808,3.8948,396.2,104.55,8.62,175.2
2026-03-08 08:00:00,35.128,3.9245,401.32,102.31,8.43,175.0
2026-03-08 09:00:00,36.091,3.9068,396.51,106.02,8.92,183.5
2026-03-08 10:00:00,36.833,3.8498,400.94,105.77,6.18,200.0
2026-03-08 11:00:00,34.481,3.8992,396.77,104.5,7.11,180.3
2026-03-08 12:00:00,34.084,3.8386,404.72,102.01,7.4,186.8
2026-03-08 13:00:00,34.552,3.9396,402.45,103.55,7.69,190.4
2026-03-08 14:00:00,35.4,3.9349,398.45,100.91,9.71,199.5
2026-03-08 15:00:00,34.821,3.917,398.44,102.5,7.73,187.8
2026-03-08 16:00:00,33.9,3.8271,399.06,104.86,7.6,190.2
2026-03-08 17:00:00,32.402,3.8896,399.63,102.16,6.62,194.1
2026-03-08 18:00:00,33.709,3.9244,398.74,104.93,7.73,174.9
2026-03-08 19:00:00,34.459,3.8836,401.97,103.32,7.69,198.6
2026-03-08 20:00:00,35.757,3.938,403.11,104.68,8.62,198.8
2026-03-08 21:00:00,34.967,3.9031,400.43,107.61,8.01,187.6
2026-03-08 22:00:00,34.171,3.8983,400.73,102.3,6.42,193.0
2026-03-08 23:00:00,32.884,3.9129,400.42,105.73,9.34,193.7
2026-03-09 00:00:00,39.397,3.8413,397.62,104.06,6.34,190.8
2026-03-09 01:00:00,40.048,3.9322,399.0,104.15,7.41,185.4
2026-03-09 02:00:00,37.931,3.9062,404.65,104.24,8.29,180.2
2026-03-09 03:00:00,41.783,3.8616,402.41,104.16,7.23,200.3
2026-03-09 04:00:00,40.081,3.9089,401.36,103.97,7.7,194.7
2026-03-09 05:00:00,39.576,3.9033,398.0,101.76,7.46,185.0
2026-03-09 06:00:00,40.08,3.9592,394.93,104.19,6.23,179.5
2026-03-09 07:00:00,39.453,3.7873,394.43,104.23,8.06,188.9
2026-03-09 08:00:00,39.097,4.0077,399.52,102.71,9.34,196.1
2026-03-09 09:00:00,39.617,3.9596,400.47,104.96,8.19,179.7
2026-03-09 10:00:00,41.23,3.908,396.97,102.86,8.76,186.3
2026-03-09 11:00:00,40.118,3.9327,400.38,101.71,8.51,199.4
2026-03-09 12:00:00,41.104,3.9808,401.09,105.17,9.27,187.1
2026-03-09 13:00:00,42.149,3.9867,402.35,106.76,8.68,181.2
2026-03-09 14:00:00,41.43,3.9163,401.24,104.23,9.09,195.5
2026-03-09 15:00:00,39.226,3.9243,402.19,102.91,7.65,186.2
2026-03-09 16:00:00,39.333,3.9174,403.05,106.84,8.96,200.2
2026-03-09 17:00:00,41.437,3.9668,398.87,105.04,8.26,188.7
2026-03-09 18:00:00,39.516,3.8747,399.2,102.15,8.42,189.8
2026-03-09 19:00:00,40.19,3.9169,402.17,103.11,7.91,173.9
2026-03-09 20:00:00,37.395,3.803,404.61,101.26,8.38,204.8
2026-03-09 21:00:00,39.512,3.9815,405.54,105.42,9.9,196.2
2026-03-09 22:00:00,39.187,3.9262,398.68,102.05,6.98,213.2
2026-03-09 23:00:00,39.418,3.8991,398.03,104.22,7.82,186.0
2026-03-10 00:00:00,35.507,3.8299,397.8,104.46,9.67,200.7
2026-03-10 01:00:00,38.865,3.925,399.78,102.04,8.01,168.7
2026-03-10 02:00:00,36.522,3.9823,401.04,105.72,7.71,176.4
2026-03-10 03:00:00,36.328,3.8812,403.68,107.0,7.43,186.6
2026-03-10 04:00:00,36.7,3.8837,396.34,104.18,8.31,194.1
2026-03-10 05:00:00,35.53,3.8956,394.86,105.41,7.21,187.5
2026-03-10 06:00:00,36.369,3.8722,396.91,101.39,9.41,192.8
2026-03-10 07:00:00,37.161,4.0064,399.79,104.87,8.04,202.2
2026-03-10 08:00:00,37.424,3.9173,399.33,104.47,8.96,169.5
2026-03-10 09:00:00,36.728,3.8807,399.2,101.08,8.61,181.9
2026-03-10 10:00:00,36.621,3.8764,395.09,103.38,6.55,180.9
2026-03-10 11:00:00,36.523,3.9014,400.26,103.84,9.74,194.7
2026-03-10 12:00:00,35.522,3.871,398.13,103.78,7.54,181.8
2026-03-10 13:00:00,38.695,3.9039,399.09,103.67,7.85,204.3
2026-03-10 14:00:00,37.401,3.9578,390.75,104.54,8.87,210.1
2026-03-10 15:00:00,36.906,3.8159,401.87,103.15,6.59,184.2
2026-03-10 16:00:00,38.041,3.9619,402.27,102.48,10.04,178.7
2026-03-10 17:00:00,36.79,3.8296,404.06,104.72,8.74,191.3
2026-03-10 18:00:00,36.802,3.9106,394.45,105.55,8.76,186.5
2026-03-10 19:00:00,36.865,3.917,404.83,104.71,8.07,185.3
2026-03-10 20:00:00,35.22,3.8723,400.34,103.69,8.09,197.9
2026-03-10 21:00:00,37.365,3.916,402.1,104.35,8.01,195.2
2026-03-10 22:00:00,34.977,3.9649,396.27,105.33,8.05,201.6
2026-03-10 23:00:00,36.927,3.8552,403.37,104.35,8.13,191.3
2026-03-11 00:00:00,39.478,3.9434,400.84,101.75,7.72,191.6
2026-03-11 01:00:00,40.391,3.9218,399.88,105.87,7.95,190.3
2026-03-11 02:00:00,38.513,3.8278,403.03,104.72,7.82,179.1
2026-03-11 03:00:00,38.579,3.9727,398.24,102.49,8.38,174.6
2026-03-11 04:00:00,35.785,3.8806,398.1,103.67,7.6,193.9
2026-03-11 05:00:00,38.082,3.8729,398.8,105.03,8.81,199.6
2026-03-11 06:00:00,39.138,3.738,397.17,103.62,8.21,174.4
2026-03-11 07:00:00,39.971,3.9181,398.31,104.33,7.77,183.0
2026-03-11 08:00:00,38.921,3.8803,395.95,103.14,7.96,179.8
2026-03-11 09:00:00,39.789,3.8486,405.46,105.43,7.3,191.9
2026-03-11 10:00:00,39.7,3.8936,396.61,104.26,9.64,175.7
2026-03-11 11:00:00,38.982,3.9037,399.84,103.51,7.8,201.0
2026-03-11 12:00:00,39.033,3.8535,404.88,102.16,8.58,192.5
2026-03-11 13:00:00,39.726,3.9213,403.38,104.07,8.83,194.1
2026-03-11 14:00:00,40.819,3.8688,403.8,104.8,8.2,185.1
2026-03-11 15:00:00,38.867,3.8299,396.11,105.18,6.81,205.1
2026-03-11 16:00:00,38.04,3.9162,400.45,104.74,7.84,187.1
2026-03-11 17:00:00,38.212,3.9562,403.63,106.02,8.35,188.7
2026-03-11 18:00:00,36.429,3.9359,402.75,103.51,8.71,203.7
2026-03-11 19:00:00,38.467,3.9567,401.15,101.51,7.68,186.7
2026-03-11 20:00:00,38.967,3.8607,398.91,102.67,8.03,191.5
2026-03-11 21:00:00,39.478,3.9437,400.72,104.48,8.15,191.9
2026-03-11 22:00:00,40.135,3.7795,399.7,104.58,8.97,179.8
2026-03-11 23:00:00,38.758,3.9469,398.9,101.25,7.77,178.8
2026-03-12 00:00:00,38.623,3.8613,405.57,104.33,7.42,185.7
2026-03-12 01:00:00,36.646,3.9233,404.7,103.79,8.8,181.3
2026-03-12 02:00:00,38.234,4.0191,396.01,105.96,9.0,172.0
2026-03-12 03:00:00,36.258,3.855,403.14,103.47,7.93,197.8
2026-03-12 04:00:00,38.018,3.9151,399.27,105.8,7.44,207.5
2026-03-12 05:00:00,37.5,3.8639,402.17,104.79,6.48,193.0
2026-03-12 06:00:00,36.352,3.8623,402.58,102.82,8.34,186.9
2026-03-12 07:00:00,40.073,3.8989,396.69,102.45,7.33,192.0
2026-03-12 08:00:00,37.874,3.952,400.71,104.3,8.31,189.4
2026-03-12 09:00:00,38.205,3.9425,402.55,103.28,6.64,182.6
2026-03-12 10:00:00,38.191,3.7788,398.77,104.77,7.6,179.4
2026-03-12 11:00:00,39.857,3.9723,399.41,106.08,9.09,179.3
2026-03-12 12:00:00,40.905,3.8561,399.39,102.44,8.11,177.4
2026-03-12 13:00:00,37.854,3.957,400.81,103.69,9.28,181.6
2026-03-12 14:00:00,38.957,3.8876,400.81,104.13,8.14,190.0
2026-03-12 15:00:00,36.969,3.8741,401.47,103.91,7.11,183.4
2026-03-12 16:00:00,37.066,3.8996,400.67,104.2,7.51,190.6
2026-03-12 17:00:00,36.294,3.7579,399.96,101.58,7.27,178.3
2026-03-12 18:00:00,38.553,3.8413,400.93,103.32,7.04,174.6
2026-03-12 19:00:00,38.355,3.9208,402.41,106.79,8.24,193.1
2026-03-12 20:00:00,37.684,3.9064,399.02,102.69,9.61,171.6
2026-03-12 21:00:00,38.106,3.923,400.5,102.58,7.86,185.5
2026-03-12 22:00:00,36.593,3.8982,398.81,103.18,8.55,179.5
2026-03-12 23:00:00,38.302,3.8697,401.29,104.11,8.19,180.2
2026-03-13 00:00:00,34.253,3.8572,400.52,105.12,8.86,185.0
2026-03-13 01:00:00,35.152,3.819,393.34,102.69,7.46,174.4
2026-03-13 02:00:00,33.191,3.9262,397.56,101.47,9.84,191.6
2026-03-13 03:00:00,34.72,3.9331,397.68,106.35,6.76,176.8
2026-03-13 04:00:00,34.903,3.8608,404.16,101.57,7.4,192.1
2026-03-13 05:00:00,35.631,3.9487,400.95,107.25,7.6,191.5
2026-03-13 06:00:00,35.934,3.8827,399.03,103.26,7.46,178.4
2026-03-13 07:00:00,34.449,3.821,401.03,101.56,9.62,206.5
2026-03-13 08:00:00,36.184,3.8874,398.12,105.77,8.11,195.1
2026-03-13 09:00:00,34.267,3.9509,397.48,104.09,6.58,183.0
2026-03-13 10:00:00,35.544,3.8752,398.52,105.11,7.9,201.9
2026-03-13 11:00:00,32.483,3.9258,401.37,101.62,6.93,198.2
2026-03-13 12:00:00,33.896,3.8657,401.63,103.43,8.34,180.8
2026-03-13 13:00:00,35.324,3.9513,400.81,100.64,8.48,190.1
2026-03-13 14:00:00,34.063,3.9667,394.63,106.72,7.45,205.1
2026-03-13 15:00:00,34.965,3.8311,400.12,104.41,8.39,200.0
2026-03-13 16:00:00,34.071,3.9218,402.04,103.51,7.21,179.9
2026-03-13 17:00:00,35.796,3.9371,397.36,101.92,8.94,174.0
2026-03-13 18:00:00,35.177,3.8571,394.59,104.1,7.8,203.8
2026-03-13 19:00:00,37.389,3.8879,402.9,105.48,7.54,180.8
2026-03-13 20:00:00,36.695,3.879,399.76,103.48,7.85,183.4
2026-03-13 21:00:00,35.793,3.9597,398.72,101.86,8.0,174.6
2026-03-13 22:00:00,34.339,3.9584,406.76,104.48,7.11,197.2
2026-03-13 23:00:00,32.657,3.8626,404.38,105.03,6.86,172.9
2026-03-14 00:00:00,5.482,3.8948,398.06,104.53,7.5,170.3
2026-03-14 01:00:00,6.381,3.865,396.84,101.93,8.15,181.4
2026-03-14 02:00:00,7.229,3.8839,403.06,103.34,7.43,169.8
2026-03-14 03:00:00,7.454,3.933,408.95,102.05,7.13,192.8
2026-03-14 04:00:00,8.972,3.8635,400.07,101.52,7.72,198.4
2026-03-14 05:00:00,10.425,3.8889,399.06,104.59,8.84,194.3
2026-03-14 06:00:00,10.122,3.915,402.72,102.85,6.89,194.5
2026-03-14 07:00:00,11.601,3.9454,400.1,102.96,7.61,179.2
2026-03-14 08:00:00,11.69,3.8694,398.4,105.58,6.98,189.0
2026-03-14 09:00:00,12.761,3.9714,400.63,103.37,8.61,190.2
2026-03-14 10:00:00,13.692,3.9739,401.97,106.51,8.88,197.2
2026-03-14 11:00:00,15.001,3.8437,401.97,104.04,8.5,189.5
2026-03-14 12:00:00,15.239,3.8477,401.95,105.86,7.74,194.1
2026-03-14 13:00:00,17.807,3.8563,398.85,102.27,8.9,192.2
2026-03-14 14:00:00,17.134,3.8156,399.34,105.42,7.73,185.4
2026-03-14 15:00:00,19.003,3.8367,400.03,104.83,7.35,181.4
2026-03-14 16:00:00,19.532,3.8931,399.18,104.25,8.15,180.4
2026-03-14 17:00:00,19.503,3.9204,403.23,105.96,7.3,200.5
2026-03-14 18:00:00,21.845,3.8967,401.34,105.18,9.39,179.2
2026-03-14 19:00:00,21.682,3.8913,399.28,105.66,8.62,179.6
2026-03-14 20:00:00,20.758,3.9096,395.7,105.24,7.91,191.3
2026-03-14 21:00:00,21.407,3.9879,400.01,103.42,9.35,184.7
2026-03-14 22:00:00,20.509,3.8298,403.12,104.36,8.35,191.3
2026-03-14 23:00:00,20.917,3.8596,397.59,104.6,8.07,205.9
2026-03-15 00:00:00,1.989,3.8744,396.88,106.0,7.0,197.3
2026-03-15 01:00:00,3.519,3.8917,402.07,100.8,7.67,173.3
2026-03-15 02:00:00,3.873,3.8935,399.94,102.82,8.73,193.2
2026-03-15 03:00:00,1.859,3.8733,395.56,103.69,9.66,182.7
2026-03-15 04:00:00,2.642,3.8716,402.31,104.61,7.8,172.1
2026-03-15 05:00:00,2.989,3.958,399.2,104.89,7.6,171.3
2026-03-15 06:00:00,3.512,3.9146,398.21,103.41,8.21,183.9
2026-03-15 07:00:00,2.992,3.8887,392.94,103.75,7.51,181.5
2026-03-15 08:00:00,2.982,3.8747,401.53,105.59,8.09,174.5
2026-03-15 09:00:00,2.6,3.944,399.17,102.77,7.91,194.8
2026-03-15 10:00:00,3.182,3.8313,401.85,102.74,7.77,187.3
2026-03-15 11:00:00,1.39,3.7954,399.24,101.98,9.08,205.2
2026-03-15 12:00:00,3.147,3.939,398.5,105.39,7.83,195.9
2026-03-15 13:00:00,1.199,3.87,401.32,106.6,7.97,212.1
2026-03-15 14:00:00,2.871,3.8416,396.14,103.93,7.23,188.5
2026-03-15 15:00:00,2.412,3.8958,402.81,105.37,8.19,189.9
2026-03-15 16:00:00,3.646,3.9055,401.65,103.98,8.39,176.9
2026-03-15 17:00:00,1.35,3.9856,400.5,101.88,9.06,186.6
2026-03-15 18:00:00,3.573,3.8885,401.75,104.55,8.97,196.0
2026-03-15 19:00:00,2.914,3.8016,396.65,104.25,8.53,179.7
2026-03-15 20:00:00,1.485,3.9226,394.29,101.09,7.81,192.4
2026-03-15 21:00:00,3.036,3.7859,400.03,102.01,8.51,188.9
2026-03-15 22:00:00,2.554,3.9311,398.4,105.21,8.97,193.8
2026-03-15 23:00:00,3.798,3.8684,402.68,104.38,7.21,189.1
2026-03-16 00:00:00,35.706,3.8721,400.22,105.56,7.74,191.1
2026-03-16 01:00:00,34.696,3.9047,403.39,105.19,8.37,184.7
2026-03-16 02:00:00,35.227,3.8948,395.99,102.15,8.74,180.8
2026-03-16 03:00:00,38.214,3.8287,401.24,102.24,8.13,179.6
2026-03-16 04:00:00,36.322,3.8917,398.62,104.74,9.19,184.0
2026-03-16 05:00:00,37.232,3.9036,399.88,107.24,6.27,183.1
2026-03-16 06:00:00,34.326,3.8839,399.28,109.64,8.27,207.7
2026-03-16 07:00:00,37.678,3.8776,401.39,106.46,8.13,192.0
2026-03-16 08:00:00,36.82,3.8249,397.55,104.48,8.42,180.8
2026-03-16 09:00:00,35.929,3.8933,399.51,105.01,8.07,191.5
2026-03-16 10:00:00,34.75,3.8472,400.92,101.61,8.2,183.3
2026-03-16 11:00:00,35.399,3.9314,397.94,102.7,7.45,190.4
2026-03-16 12:00:00,39.24,3.7941,399.89,103.61,8.74,186.1
2026-03-16 13:00:00,33.601,3.9648,396.7,103.88,6.9,178.9
2026-03-16 14:00:00,35.731,3.9415,402.45,103.08,8.38,186.1
2026-03-16 15:00:00,36.386,3.9065,401.78,103.05,7.88,191.9
2026-03-16 16:00:00,36.36,3.8591,405.05,103.27,8.58,191.8
2026-03-16 17:00:00,37.582,3.7901,406.03,103.64,7.0,191.0
2026-03-16 18:00:00,38.701,3.9237,396.24,103.27,9.04,175.8
2026-03-16 19:00:00,36.064,3.8839,406.37,103.52,9.02,183.0
2026-03-16 20:00:00,35.389,3.9484,401.77,101.38,8.48,196.1
2026-03-16 21:00:00,35.593,3.9094,400.71,103.23,7.51,183.0
2026-03-16 22:00:00,35.963,3.8324,399.78,101.73,8.03,188.8
2026-03-16 23:00:00,35.135,3.9407,405.67,105.92,6.89,202.3
2026-03-17 00:00:00,37.753,3.8957,398.13,103.94,9.08,195.1
2026-03-17 01:00:00,37.045,3.8651,398.66,104.82,9.45,179.2
2026-03-17 02:00:00,37.505,3.8792,397.66,104.54,8.41,175.6
2026-03-17 03:00:00,36.35,3.9575,400.84,104.72,7.57,185.9
2026-03-17 04:00:00,38.02,3.8736,396.6,103.95,8.69,179.4
2026-03-17 05:00:00,38.687,3.9331,397.33,103.96,7.94,195.9
2026-03-17 06:00:00,38.251,3.8338,395.89,105.48,8.06,193.8
2026-03-17 07:00:00,37.88,3.9741,396.31,105.57,7.32,196.9
2026-03-17 08:00:00,39.003,3.8299,401.09,103.54,7.74,190.1
2026-03-17 09:00:00,36.335,3.8506,401.85,105.2,7.52,175.3
2026-03-17 10:00:00,40.088,3.9527,400.96,102.42,7.51,192.1
2026-03-17 11:00:00,36.438,3.9775,400.3,104.53,7.16,180.7
2026-03-17 12:00:00,36.631,3.9119,399.11,103.52,8.22,191.9
2026-03-17 13:00:00,39.156,3.8886,396.9,103.93,9.13,184.2
2026-03-17 14:00:00,37.562,3.8807,401.1,104.33,7.33,187.4
2026-03-17 15:00:00,38.552,3.9522,402.62,105.22,7.71,186.1
2026-03-17 16:00:00,38.538,3.8407,399.73,101.21,7.67,182.7
2026-03-17 17:00:00,36.174,3.9268,397.73,103.41,7.77,182.4
2026-03-17 18:00:00,39.083,3.8741,400.48,102.03,7.6,186.5
2026-03-17 19:00:00,37.169,3.8697,400.32,106.25,7.87,188.3
2026-03-17 20:00:00,37.078,4.0229,404.66,104.77,8.53,182.7
2026-03-17 21:00:00,37.341,3.9087,400.26,102.69,7.36,194.7
2026-03-17 22:00:00,37.856,3.795,400.18,105.82,7.47,192.0
2026-03-17 23:00:00,35.903,3.9393,396.63,102.11,7.73,212.9
2026-03-18 00:00:00,34.33,3.8366,401.27,104.29,9.28,177.3
2026-03-18 01:00:00,33.319,3.883,401.02,104.48,8.83,175.0
2026-03-18 02:00:00,34.111,3.892,402.38,104.65,7.65,179.7
2026-03-18 03:00:00,35.868,3.945,407.89,103.69,9.25,177.8
2026-03-18 04:00:00,34.401,3.8653,398.55,102.67,7.55,189.2
2026-03-18 05:00:00,34.497,3.9309,399.66,103.95,9.13,192.8
2026-03-18 06:00:00,35.12,3.8976,400.1,104.8,7.35,200.9
2026-03-18 07:00:00,36.577,3.955,398.47,101.62,7.63,191.2
2026-03-18 08:00:00,35.813,3.8896,399.02,106.19,7.45,200.1
2026-03-18 09:00:00,35.892,3.8334,400.73,103.14,7.23,171.6
2026-03-18 10:00:00,33.35,3.9188,398.77,104.36,7.14,186.6
2026-03-18 11:00:00,34.682,3.8229,395.03,104.6,8.09,180.6
2026-03-18 12:00:00,34.857,3.931,405.29,102.65,8.46,210.5
2026-03-18 13:00:00,35.029,3.9704,392.31,106.09,7.97,171.3
2026-03-18 14:00:00,35.763,3.95,403.47,105.72,7.95,182.4
2026-03-18 15:00:00,34.487,3.8968,401.11,103.25,8.01,198.3
2026-03-18 16:00:00,35.296,4.011,406.26,102.27,7.53,176.9
2026-03-18 17:00:00,33.762,3.9253,396.99,102.42,7.76,197.6
2026-03-18 18:00:00,34.595,3.881,402.62,104.65,8.33,199.0
2026-03-18 19:00:00,33.918,3.9091,398.04,105.47,8.62,179.4
2026-03-18 20:00:00,36.341,3.8411,403.36,104.26,7.29,178.7
2026-03-18 21:00:00,34.647,3.8974,397.82,104.79,6.87,189.6
2026-03-18 22:00:00,34.962,3.8065,400.82,102.09,6.01,183.7
2026-03-18 23:00:00,34.724,3.943,398.48,106.13,9.11,200.5
2026-03-19 00:00:00,40.081,3.9158,398.26,104.91,8.74,192.1
2026-03-19 01:00:00,38.292,3.8213,401.91,104.47,6.95,190.7
2026-03-19 02:00:00,39.396,3.8931,402.23,105.07,6.81,186.7
2026-03-19 03:00:00,39.125,3.9437,404.08,101.12,7.92,196.8
2026-03-19 04:00:00,39.97,3.9817,397.14,103.4,7.14,197.8
2026-03-19 05:00:00,37.058,3.9569,402.68,104.68,6.26,183.0
2026-03-19 06:00:00,39.428,3.8285,399.2,103.8,8.68,192.5
2026-03-19 07:00:00,38.885,3.8767,399.92,103.75,8.55,187.9
2026-03-19 08:00:00,39.753,3.8146,403.46,103.7,8.87,190.5
2026-03-19 09:00:00,39.548,3.9722,398.26,104.07,7.84,191.7
2026-03-19 10:00:00,36.717,3.89,399.17,102.79,7.82,174.4
2026-03-19 11:00:00,40.169,3.9205,405.49,102.66,7.05,192.5
2026-03-19 12:00:00,36.66,3.9095,397.82,103.45,8.17,190.1
2026-03-19 13:00:00,40.698,3.9295,396.07,105.4,6.91,190.5
2026-03-19 14:00:00,37.139,3.8574,403.79,103.12,7.46,184.1
2026-03-19 15:00:00,38.207,3.9694,396.4,102.11,8.43,173.9
2026-03-19 16:00:00,38.144,3.954,399.89,103.23,7.41,180.6
2026-03-19 17:00:00,37.884,3.9047,403.56,105.37,7.52,182.3
2026-03-19 18:00:00,39.352,3.8081,398.57,103.45,7.09,179.7
2026-03-19 19:00:00,38.95,3.8159,397.14,102.96,8.02,175.9
2026-03-19 20:00:00,39.788,3.8821,399.07,103.38,7.42,179.7
2026-03-19 21:00:00,39.852,3.9071,399.5,105.38,7.39,195.6
2026-03-19 22:00:00,38.559,3.8529,402.06,101.69,8.46,180.6
2026-03-19 23:00:00,38.996,3.9647,401.47,103.01,7.92,185.7
2026-03-20 00:00:00,38.853,3.8419,399.91,104.68,6.55,188.5
2026-03-20 01:00:00,40.85,3.9015,396.8,105.41,6.98,195.6
2026-03-20 02:00:00,42.146,3.7955,400.51,104.34,8.11,181.6
2026-03-20 03:00:00,39.864,3.827,400.13,104.66,7.41,180.0
2026-03-20 04:00:00,39.668,3.8951,399.91,103.71,7.98,176.2
2026-03-20 05:00:00,36.983,3.9257,403.91,101.77,7.4,192.0
2026-03-20 06:00:00,41.357,3.9271,403.48,103.78,8.25,193.1
2026-03-20 07:00:00,39.71,3.9541,401.55,105.29,7.62,199.1
2026-03-20 08:00:00,38.971,3.9144,392.02,102.37,8.5,184.6
2026-03-20 09:00:00,40.425,3.8156,404.25,104.73,7.9,193.1
2026-03-20 10:00:00,40.607,3.9643,400.33,101.69,7.72,201.6
2026-03-20 11:00:00,40.892,3.8744,401.49,104.02,8.4,173.5
2026-03-20 12:00:00,39.155,3.9276,399.05,104.37,9.45,186.0
2026-03-20 13:00:00,40.504,3.8678,397.87,103.74,6.78,168.4
2026-03-20 14:00:00,41.833,3.89,403.0,104.03,8.04,195.6
2026-03-20 15:00:00,41.068,3.8362,403.24,102.43,8.08,214.0
2026-03-20 16:00:00,40.313,3.9765,398.68,104.75,7.96,193.1
2026-03-20 17:00:00,39.208,3.8502,400.69,101.56,7.26,195.3
2026-03-20 18:00:00,39.492,3.8517,396.46,104.07,7.64,190.5
2026-03-20 19:00:00,39.997,3.9854,398.43,100.99,8.01,189.0
2026-03-20 20:00:00,40.405,3.8168,403.02,103.81,7.89,173.6
2026-03-20 21:00:00,40.779,3.8919,403.66,103.25,6.96,190.3
2026-03-20 22:00:00,39.143,3.9153,396.54,103.66,7.75,188.7
2026-03-20 23:00:00,39.614,3.8556,399.53,103.01,8.04,186.4
2026-03-21 00:00:00,34.519,3.8921,403.76,104.3,8.39,193.4
2026-03-21 01:00:00,36.441,3.8304,402.06,105.39,8.36,193.1
2026-03-21 02:00:00,37.373,3.8938,400.5,103.87,8.17,179.9
2026-03-21 03:00:00,36.271,3.9226,398.72,100.35,8.02,166.9
2026-03-21 04:00:00,39.001,3.9299,401.66,102.89,7.05,187.0
2026-03-21 05:00:00,36.972,3.8581,400.17,104.85,8.39,179.1
2026-03-21 06:00:00,34.639,3.8955,397.82,104.51,9.19,204.8
2026-03-21 07:00:00,37.261,3.9487,404.46,103.93,8.14,197.3
2026-03-21 08:00:00,36.92,3.8717,397.58,103.88,7.45,196.8
2026-03-21 09:00:00,36.607,3.9658,403.22,102.1,8.76,185.3
2026-03-21 10:00:00,38.423,3.9205,399.63,104.84,7.51,192.4
2026-03-21 11:00:00,37.379,3.8891,400.88,102.46,8.37,177.7
2026-03-21 12:00:00,37.635,3.9189,401.81,103.1,10.26,187.1
2026-03-21 13:00:00,37.141,3.8607,403.89,103.23,8.7,180.4
2026-03-21 14:00:00,37.315,3.8793,402.47,103.49,7.3,193.7
2026-03-21 15:00:00,35.732,3.8517,402.02,101.25,8.53,185.7
2026-03-21 16:00:00,36.031,3.909,401.64,103.09,7.83,197.1
2026-03-21 17:00:00,37.796,3.8952,397.67,102.59,7.51,196.0
2026-03-21 18:00:00,37.616,3.9123,403.83,103.51,7.68,186.0
2026-03-21 19:00:00,39.023,3.8009,400.71,104.58,8.02,211.7
2026-03-21 20:00:00,38.249,3.9348,397.36,104.66,7.7,190.1
2026-03-21 21:00:00,37.236,3.8759,401.71,106.27,8.76,191.8
2026-03-21 22:00:00,35.006,3.9501,402.98,103.7,7.62,196.0
2026-03-21 23:00:00,36.188,3.9366,396.9,102.68,8.0,176.1
2026-03-22 00:00:00,38.939,3.9243,396.25,105.29,7.57,195.0
2026-03-22 01:00:00,39.175,3.878,398.49,101.58,7.47,182.7
2026-03-22 02:00:00,40.746,3.9473,396.11,105.12,8.16,186.4
2026-03-22 03:00:00,39.452,3.9368,398.38,103.6,8.12,180.7
2026-03-22 04:00:00,39.149,3.8959,398.07,102.81,8.22,198.2
2026-03-22 05:00:00,39.311,3.8597,402.09,104.23,8.44,200.9
2026-03-22 06:00:00,37.962,3.8933,398.31,102.77,9.5,198.8
2026-03-22 07:00:00,37.019,3.9198,398.43,105.61,8.06,188.3
2026-03-22 08:00:00,39.107,3.9178,400.08,103.69,7.9,194.8
2026-03-22 09:00:00,37.719,3.8998,399.66,103.32,8.55,177.9
2026-03-22 10:00:00,38.554,3.8601,401.52,103.34,8.04,193.6
2026-03-22 11:00:00,37.209,3.9211,397.9,103.64,7.92,197.5
2026-03-22 12:00:00,39.759,3.9824,400.49,103.33,7.62,196.1
2026-03-22 13:00:00,40.703,3.9159,398.38,104.38,8.19,190.3
2026-03-22 14:00:00,38.143,3.7815,398.5,105.47,8.16,169.4
2026-03-22 15:00:00,38.959,3.8137,405.57,104.27,7.1,197.5
2026-03-22 16:00:00,38.1,3.9262,400.06,102.35,8.5,177.5
2026-03-22 17:00:00,40.417,3.9028,397.12,101.46,9.21,203.6
2026-03-22 18:00:00,37.582,3.9769,400.47,103.69,7.94,187.5
2026-03-22 19:00:00,40.516,3.907,394.84,106.93,8.66,179.8
2026-03-22 20:00:00,38.565,3.8578,400.13,104.55,8.18,184.4
2026-03-22 21:00:00,38.081,3.9395,399.72,107.15,7.4,197.4
2026-03-22 22:00:00,39.007,3.8645,403.82,104.17,7.33,187.0
2026-03-22 23:00:00,40.064,3.8428,403.86,104.96,7.79,202.7
2026-03-23 00:00:00,36.069,3.928,400.48,106.59,9.12,181.3
2026-03-23 01:00:00,34.184,3.8899,398.85,101.9,8.68,190.8
2026-03-23 02:00:00,34.479,3.9659,398.41,103.92,8.21,185.9
2026-03-23 03:00:00,34.276,3.9359,399.98,105.87,7.44,191.9
2026-03-23 04:00:00,33.002,3.8945,398.02,105.92,8.56,194.8
2026-03-23 05:00:00,36.171,3.9678,402.03,103.03,6.91,189.7
2026-03-23 06:00:00,34.038,3.8696,399.18,101.67,9.12,179.3
2026-03-23 07:00:00,33.731,3.9268,395.4,105.3,8.71,187.1
2026-03-23 08:00:00,33.335,3.8777,394.76,105.96,8.04,183.1
2026-03-23 09:00:00,33.5,3.9271,404.26,102.2,7.57,173.4
2026-03-23 10:00:00,35.042,3.9074,406.41,103.83,7.67,183.3
2026-03-23 11:00:00,35.216,3.823,402.13,104.35,7.62,181.5
2026-03-23 12:00:00,35.413,3.9881,398.73,104.75,9.32,184.1
2026-03-23 13:00:00,34.137,3.8422,399.58,103.88,7.68,183.0
2026-03-23 14:00:00,32.834,3.8362,397.22,104.91,7.61,181.9
2026-03-23 15:00:00,35.026,3.9267,397.85,103.11,8.5,193.5
2026-03-23 16:00:00,33.564,3.9114,399.92,105.59,7.34,198.4
2026-03-23 17:00:00,34.808,3.852,403.01,105.3,6.99,208.9
2026-03-23 18:00:00,33.256,3.8562,399.08,105.1,8.44,189.1
2026-03-23 19:00:00,35.729,3.9193,404.0,108.04,8.15,165.4
2026-03-23 20:00:00,33.937,3.8485,400.26,104.14,7.06,178.9
2026-03-23 21:00:00,34.122,3.8906,392.5,105.4,8.02,189.9
2026-03-23 22:00:00,34.678,3.8507,399.85,105.5,8.83,194.5
2026-03-23 23:00:00,34.105,3.8603,403.83,104.76,7.67,169.0
2026-03-24 00:00:00,35.709,3.8065,403.63,104.27,7.42,187.3
2026-03-24 01:00:00,39.412,3.9592,396.07,103.81,7.04,173.2
2026-03-24 02:00:00,36.822,4.0179,404.58,104.06,7.71,192.0
2026-03-24 03:00:00,37.748,3.8284,394.5,106.77,8.22,205.8
2026-03-24 04:00:00,36.892,3.9726,398.2,104.73,9.22,200.0
2026-03-24 05:00:00,36.138,3.9441,398.03,101.89,8.41,203.8
2026-03-24 06:00:00,37.557,3.8379,402.58,105.01,7.64,165.4
2026-03-24 07:00:00,37.74,3.9439,401.48,101.43,6.82,200.0
2026-03-24 08:00:00,37.51,3.9245,399.27,104.59,7.57,186.9
2026-03-24 09:00:00,35.689,3.9128,398.75,105.42,8.57,181.9
2026-03-24 10:00:00,38.643,3.8442,401.34,105.62,9.02,168.0
2026-03-24 11:00:00,37.731,3.9607,404.3,100.67,7.46,189.0
2026-03-24 12:00:00,36.147,3.9669,397.97,105.84,8.45,175.5
2026-03-24 13:00:00,35.547,3.8766,400.29,105.49,7.85,199.1
2026-03-24 14:00:00,34.907,3.7476,398.99,104.69,7.71,179.9
2026-03-24 15:00:00,37.1,3.9966,399.69,102.91,7.32,209.7
2026-03-24 16:00:00,36.591,3.9306,403.66,105.62,7.26,199.6
2026-03-24 17:00:00,37.563,3.9245,403.03,103.16,7.94,184.8
2026-03-24 18:00:00,37.469,3.8673,401.18,102.36,7.9,186.4
2026-03-24 19:00:00,36.51,3.9066,399.45,103.67,6.34,201.1
2026-03-24 20:00:00,35.951,3.8878,397.52,105.5,7.28,195.0
2026-03-24 21:00:00,37.931,3.9823,403.56,104.93,7.04,202.9
2026-03-24 22:00:00,37.942,3.942,402.41,104.12,7.59,200.8
2026-03-24 23:00:00,38.038,3.8484,402.75,104.38,8.71,192.8
2026-03-25 00:00:00,39.363,3.9516,402.68,101.95,8.67,190.6
2026-03-25 01:00:00,36.819,3.9359,395.95,105.36,9.36,185.2
2026-03-25 02:00:00,39.151,3.9233,401.99,102.01,8.5,191.5
2026-03-25 03:00:00,38.949,3.9015,403.33,104.44,8.56,203.8
2026-03-25 04:00:00,38.32,3.9505,400.75,104.81,7.6,197.9
2026-03-25 05:00:00,39.505,3.8973,402.44,104.68,7.15,193.8
2026-03-25 06:00:00,39.61,3.8775,394.82,104.35,7.52,209.0
2026-03-25 07:00:00,38.077,3.9014,398.24,104.42,7.58,181.5
2026-03-25 08:00:00,38.055,3.8618,403.99,102.33,7.97,183.6
2026-03-25 09:00:00,36.576,3.9834,393.91,106.19,6.92,191.2
2026-03-25 10:00:00,40.665,3.7973,396.06,105.98,8.16,185.0
2026-03-25 11:00:00,38.091,3.8545,400.47,106.25,7.73,191.7
2026-03-25 12:00:00,39.475,3.9992,398.38,104.5,7.59,184.0
2026-03-25 13:00:00,37.679,3.8708,395.02,101.13,7.46,191.6
2026-03-25 14:00:00,39.487,3.8758,399.61,105.02,8.61,189.2
2026-03-25 15:00:00,38.067,3.9935,399.12,103.33,6.75,194.6
2026-03-25 16:00:00,37.832,3.9953,399.12,105.25,8.76,206.5
2026-03-25 17:00:00,36.661,3.9784,400.15,103.9,7.79,186.5
2026-03-25 18:00:00,37.742,3.7876,401.6,104.14,7.28,189.7
2026-03-25 19:00:00,40.696,3.9204,398.97,106.56,7.41,188.8
2026-03-25 20:00:00,37.509,3.8902,402.25,104.9,7.46,189.1
2026-03-25 21:00:00,38.221,3.8818,399.99,102.99,7.45,190.8
2026-03-25 22:00:00,36.974,3.922,399.53,102.7,7.55,185.7
2026-03-25 23:00:00,37.945,3.9071,399.49,102.78,9.14,199.1
2026-03-26 00:00:00,38.436,3.9478,401.05,103.67,8.09,216.2
2026-03-26 01:00:00,39.42,3.9522,398.94,104.92,9.78,194.4
2026-03-26 02:00:00,39.508,3.9626,401.96,106.34,8.2,195.1
2026-03-26 03:00:00,37.611,4.0295,400.97,104.21,9.1,185.6
2026-03-26 04:00:00,38.304,3.8635,400.15,103.48,8.44,189.1
2026-03-26 05:00:00,37.643,3.8872,399.74,103.3,8.75,196.8
2026-03-26 06:00:00,38.47,3.8438,401.58,102.19,8.17,190.7
2026-03-26 07:00:00,37.653,3.8612,398.06,107.02,7.82,188.3
2026-03-26 08:00:00,39.373,3.9216,403.15,102.26,7.18,222.4
2026-03-26 09:00:00,38.261,3.8874,400.55,105.48,7.1,193.0
2026-03-26 10:00:00,38.276,3.9338,400.58,103.27,7.35,166.8
2026-03-26 11:00:00,39.392,3.8305,398.91,106.44,7.7,196.2
2026-03-26 12:00:00,38.074,3.935,400.16,103.3,9.06,187.7
2026-03-26 13:00:00,36.827,3.8855,401.63,102.43,8.63,197.6
2026-03-26 14:00:00,40.651,3.8704,401.99,101.63,7.7,191.3
2026-03-26 15:00:00,38.757,3.8986,399.82,103.15,7.68,193.2
2026-03-26 16:00:00,38.923,3.932,402.95,105.75,6.64,185.2
2026-03-26 17:00:00,38.128,3.8704,403.09,105.12,7.94,191.4
2026-03-26 18:00:00,39.699,3.8846,399.17,105.34,8.38,203.9
2026-03-26 19:00:00,38.714,3.9372,398.51,102.69,8.01,164.8
2026-03-26 20:00:00,38.756,3.9478,400.3,103.72,8.85,189.9
2026-03-26 21:00:00,39.385,4.0063,402.16,105.39,8.4,192.7
2026-03-26 22:00:00,38.61,3.9045,403.19,101.72,7.82,196.6
2026-03-26 23:00:00,37.38,3.8963,398.09,104.67,8.68,204.2
2026-03-27 00:00:00,40.469,3.867,400.8,104.86,9.1,169.8
2026-03-27 01:00:00,40.319,3.814,402.13,104.68,8.4,198.7
2026-03-27 02:00:00,40.335,3.8704,401.09,105.76,7.93,190.5
2026-03-27 03:00:00,38.509,3.9567,398.63,102.98,7.68,182.0
2026-03-27 04:00:00,39.607,3.9622,402.35,106.08,9.16,181.7
2026-03-27 05:00:00,40.443,3.9729,406.66,102.01,6.93,194.7
2026-03-27 06:00:00,39.511,3.8538,401.17,102.91,6.29,190.0
2026-03-27 07:00:00,40.035,3.9316,402.77,104.3,7.84,183.9
2026-03-27 08:00:00,38.01,3.8803,402.93,104.97,9.59,188.8
2026-03-27 09:00:00,37.853,3.9406,403.04,102.36,6.79,191.7
2026-03-27 10:00:00,40.701,3.8476,399.09,102.92,7.11,177.6
2026-03-27 11:00:00,40.046,3.8832,398.14,100.29,9.35,181.2
2026-03-27 12:00:00,39.728,3.8466,401.14,101.86,8.09,188.4
2026-03-27 13:00:00,40.93,3.8485,398.19,103.69,9.61,176.1
2026-03-27 14:00:00,40.212,3.8694,400.93,104.96,8.12,192.6
2026-03-27 15:00:00,40.197,3.8726,399.42,101.64,7.74,182.8
2026-03-27 16:00:00,39.585,3.9357,401.12,104.69,8.85,167.3
2026-03-27 17:00:00,40.365,3.8993,399.74,102.14,8.43,201.0
2026-03-27 18:00:00,41.045,3.8963,401.85,105.33,9.4,201.8
2026-03-27 19:00:00,40.032,3.9048,400.5,104.33,7.63,197.4
2026-03-27 20:00:00,39.079,3.862,401.03,103.19,7.82,170.2
2026-03-27 21:00:00,40.775,3.8999,399.65,104.67,8.16,183.4
2026-03-27 22:00:00,42.155,3.8787,402.8,106.62,7.53,190.9
2026-03-27 23:00:00,38.933,3.9503,399.05,102.43,9.01,198.8
2026-03-28 00:00:00,39.011,3.9566,400.57,107.89,9.31,184.7
2026-03-28 01:00:00,39.719,3.8583,400.39,104.07,8.56,190.8
2026-03-28 02:00:00,38.342,3.8614,404.05,105.66,7.88,188.7
2026-03-28 03:00:00,39.833,3.9011,395.2,105.28,7.5,191.4
2026-03-28 04:00:00,37.129,3.9112,403.83,100.8,9.16,194.5
2026-03-28 05:00:00,39.185,3.8243,403.33,104.37,8.45,187.4
2026-03-28 06:00:00,39.112,3.9416,397.27,105.29,6.72,181.2
2026-03-28 07:00:00,38.36,3.9626,394.98,102.37,8.5,192.2
2026-03-28 08:00:00,42.541,3.988,401.77,104.99,6.6,181.6
2026-03-28 09:00:00,39.648,3.8915,396.05,102.66,7.35,200.2
2026-03-28 10:00:00,40.514,3.8841,399.21,104.42,7.47,187.5
2026-03-28 11:00:00,38.048,3.932,402.76,104.52,8.37,193.5
2026-03-28 12:00:00,42.37,3.9097,396.2,102.49,8.54,200.2
2026-03-28 13:00:00,40.91,3.9401,400.53,101.86,7.46,172.7
2026-03-28 14:00:00,39.578,3.8346,400.27,103.75,6.5,197.0
2026-03-28 15:00:00,40.897,3.8332,400.4,105.03,7.77,198.2
2026-03-28 16:00:00,40.237,3.9512,400.52,103.75,8.39,197.5
2026-03-28 17:00:00,40.304,3.878,397.7,103.45,7.55,191.9
2026-03-28 18:00:00,40.209,3.8954,399.96,104.23,9.2,201.5
2026-03-28 19:00:00,39.344,3.9197,399.01,103.84,7.8,183.8
2026-03-28 20:00:00,38.435,3.7807,400.53,105.69,7.29,194.7
2026-03-28 21:00:00,39.559,3.9126,397.62,103.64,7.9,166.9
2026-03-28 22:00:00,40.254,3.8925,392.77,104.91,7.96,191.8
2026-03-28 23:00:00,40.42,3.8789,396.82,103.32,7.65,211.2
2026-03-29 00:00:00,4.102,3.8753,398.73,104.43,8.42,183.1
2026-03-29 01:00:00,4.181,3.9923,402.99,101.71,6.61,181.7
2026-03-29 02:00:00,5.074,3.9252,398.93,101.61,8.15,195.6
2026-03-29 03:00:00,5.647,3.8746,401.59,103.88,7.11,190.6
2026-03-29 04:00:00,5.88,3.9453,401.28,102.5,8.14,201.9
2026-03-29 05:00:00,6.182,3.8917,404.71,101.69,7.85,175.8
2026-03-29 06:00:00,7.504,3.7816,395.17,103.17,8.08,193.4
2026-03-29 07:00:00,8.326,3.9545,401.95,105.04,7.21,188.2
2026-03-29 08:00:00,10.152,4.0093,402.34,105.04,8.75,185.8
2026-03-29 09:00:00,10.315,3.8801,399.67,107.15,6.35,193.2
2026-03-29 10:00:00,9.19,3.8665,399.64,103.44,8.11,182.2
2026-03-29 11:00:00,10.612,3.8402,398.77,101.91,8.49,177.0
2026-03-29 12:00:00,11.68,3.8781,399.01,105.7,8.06,171.0
2026-03-29 13:00:00,12.215,3.7555,400.7,103.36,6.87,190.5
2026-03-29 14:00:00,12.358,3.9975,398.61,106.83,9.07,183.7
2026-03-29 15:00:00,12.644,3.9638,399.51,104.19,7.77,177.7
2026-03-29 16:00:00,13.549,3.851,395.36,103.52,9.39,205.7
2026-03-29 17:00:00,14.387,3.9052,401.44,105.98,8.23,185.0
2026-03-29 18:00:00,14.766,3.9548,407.67,103.02,6.35,197.8
2026-03-29 19:00:00,15.001,3.9054,403.6,104.06,6.92,170.2
2026-03-29 20:00:00,15.023,3.8409,400.78,102.05,7.7,175.1
2026-03-29 21:00:00,14.787,3.8763,401.69,105.96,7.83,181.1
2026-03-29 22:00:00,16.53,3.9167,401.74,104.87,9.14,199.8
2026-03-29 23:00:00,15.57,3.9369,397.35,103.05,7.89,190.7
2026-03-30 00:00:00,4.662,3.9141,400.0,103.32,6.68,198.1
2026-03-30 01:00:00,5.594,3.8549,401.41,104.55,8.04,171.4
2026-03-30 02:00:00,5.836,3.8687,404.76,102.68,7.7,178.7
2026-03-30 03:00:00,6.815,3.9158,393.71,99.71,8.51,190.1
2026-03-30 04:00:00,7.528,3.9471,402.83,100.82,7.85,200.8
2026-03-30 05:00:00,8.254,3.883,402.78,103.56,7.02,182.9
2026-03-30 06:00:00,8.698,3.9264,394.76,105.46,6.66,190.2
2026-03-30 07:00:00,9.351,3.8829,402.99,105.64,9.02,188.8
2026-03-30 08:00:00,10.926,3.9103,401.77,103.36,8.86,193.0
2026-03-30 09:00:00,12.311,3.9226,401.95,102.87,7.65,176.8
2026-03-30 10:00:00,12.237,3.8899,402.43,102.07,10.57,188.5
2026-03-30 11:00:00,14.028,3.9507,392.36,103.57,9.16,165.5
2026-03-30 12:00:00,14.511,3.8529,398.52,104.3,6.49,191.7
2026-03-30 13:00:00,14.272,3.8612,402.02,109.22,8.25,195.3
2026-03-30 14:00:00,15.485,3.8625,400.69,106.24,8.13,198.6
2026-03-30 15:00:00,16.115,4.0246,394.97,104.83,8.41,192.4
2026-03-30 16:00:00,16.12,3.8416,399.2,104.1,7.0,179.0
2026-03-30 17:00:00,18.35,3.95,398.22,102.9,7.39,214.4
2026-03-30 18:00:00,19.08,3.895,402.92,107.39,8.91,175.4
2026-03-30 19:00:00,18.542,3.878,398.86,102.12,7.66,178.8
2026-03-30 20:00:00,18.937,3.9004,395.64,101.38,7.58,196.1
2026-03-30 21:00:00,19.081,3.8947,389.95,103.2,7.38,186.2
2026-03-30 22:00:00,17.478,3.8763,397.88,108.02,8.53,187.7
2026-03-30 23:00:00,18.573,3.892,400.45,103.33,7.95,199.9
2026-03-31 00:00:00,40.407,3.9135,403.89,104.28,7.18,172.1
2026-03-31 01:00:00,38.594,3.8948,401.08,105.56,7.51,181.5
2026-03-31 02:00:00,40.336,3.957,398.44,104.45,9.07,192.8
2026-03-31 03:00:00,39.355,3.7938,403.87,104.91,8.07,184.9
2026-03-31 04:00:00,37.94,3.893,399.56,105.59,7.0,204.1
2026-03-31 05:00:00,39.462,3.9575,396.96,104.46,8.95,190.7
2026-03-31 06:00:00,37.675,3.8814,401.49,101.84,6.81,192.0
2026-03-31 07:00:00,38.292,3.9321,396.34,101.18,7.35,204.6
2026-03-31 08:00:00,38.396,3.8977,400.62,102.51,8.84,191.4
2026-03-31 09:00:00,39.95,3.8138,394.62,99.8,7.82,187.3
2026-03-31 10:00:00,40.28,3.9725,399.12,103.54,8.33,204.9
2026-03-31 11:00:00,38.446,3.9295,399.15,103.44,8.62,181.7
2026-03-31 12:00:00,38.157,3.9315,399.81,103.55,7.86,194.6
2026-03-31 13:00:00,38.986,3.9365,401.13,106.17,8.98,198.2
2026-03-31 14:00:00,39.185,3.9041,398.11,108.23,7.79,195.2
2026-03-31 15:00:00,41.037,3.8301,397.42,103.36,7.18,177.0
2026-03-31 16:00:00,38.815,3.963,402.07,104.0,8.0,173.1
2026-03-31 17:00:00,40.254,3.9197,396.65,104.26,7.82,184.5
2026-03-31 18:00:00,38.259,3.8646,397.08,104.65,8.27,192.9
2026-03-31 19:00:00,39.215,3.8781,406.04,101.16,8.93,193.2
2026-03-31 20:00:00,39.514,3.873,399.25,102.18,6.87,188.6
2026-03-31 21:00:00,37.471,3.9405,403.26,98.79,6.73,192.4
2026-03-31 22:00:00,39.684,3.9041,401.18,105.08,8.67,207.6
2026-03-31 23:00:00,39.466,3.9418,395.05,103.76,7.0,203.7
2026-04-01 00:00:00,37.478,3.9258,396.02,103.79,8.0,191.7
2026-04-01 01:00:00,36.169,3.9464,391.98,106.01,7.58,184.2
2026-04-01 02:00:00,36.515,3.8854,395.82,101.98,8.03,198.8
2026-04-01 03:00:00,36.604,3.8903,398.52,106.4,7.62,204.3
2026-04-01 04:00:00,35.273,3.9107,399.22,104.41,7.61,183.0
2026-04-01 05:00:00,34.884,3.8663,400.84,104.09,7.77,187.8
2026-04-01 06:00:00,34.786,3.9858,399.9,103.07,7.75,196.4
2026-04-01 07:00:00,34.816,3.8913,399.16,104.21,8.29,194.2
2026-04-01 08:00:00,33.307,3.8455,392.05,105.17,8.87,202.8
2026-04-01 09:00:00,35.177,3.9562,399.82,103.78,6.75,181.9
2026-04-01 10:00:00,34.403,3.9447,404.9,103.26,8.28,192.5
2026-04-01 11:00:00,34.212,3.8128,397.67,101.81,7.73,188.3
2026-04-01 12:00:00,34.834,3.8903,401.37,102.57,8.69,173.0
2026-04-01 13:00:00,35.089,3.9181,397.55,101.57,8.49,183.0
2026-04-01 14:00:00,35.843,3.937,399.9,103.96,8.77,193.5
2026-04-01 15:00:00,34.043,3.907,401.58,104.26,8.13,188.3
2026-04-01 16:00:00,34.898,3.852,395.64,105.64,7.47,191.9
2026-04-01 17:00:00,33.449,3.9065,397.44,108.39,7.17,180.1
2026-04-01 18:00:00,36.009,3.9552,393.63,104.34,8.68,177.5
2026-04-01 19:00:00,35.736,3.8724,396.94,103.43,7.61,175.9
2026-04-01 20:00:00,37.36,3.8759,397.69,105.23,7.92,203.0
2026-04-01 21:00:00,34.741,3.916,400.19,104.21,7.81,188.7
2026-04-01 22:00:00,36.771,3.8648,398.29,103.44,8.43,193.7
2026-04-01 23:00:00,35.996,3.832,400.69,103.69,7.75,191.3
2026-04-02 00:00:00,35.632,3.9121,400.34,101.83,7.9,205.1
2026-04-02 01:00:00,37.415,3.928,399.24,102.75,7.25,185.8
2026-04-02 02:00:00,39.318,3.939,397.81,105.44,7.88,182.9
2026-04-02 03:00:00,38.338,3.8534,395.25,105.88,6.53,195.1
2026-04-02 04:00:00,36.138,3.8971,399.33,103.31,6.25,188.6
2026-04-02 05:00:00,37.812,3.8542,399.72,105.43,7.41,192.3
2026-04-02 06:00:00,36.563,3.9175,401.82,107.64,8.69,194.0
2026-04-02 07:00:00,39.438,3.8496,403.1,103.15,7.49,200.6
2026-04-02 08:00:00,38.12,3.9642,395.64,104.37,7.57,187.1
2026-04-02 09:00:00,35.722,3.9451,400.55,102.51,6.92,181.2
2026-04-02 10:00:00,39.427,3.894,398.95,104.7,7.99,192.1
2026-04-02 11:00:00,38.697,3.9154,402.54,102.22,8.04,186.4
2026-04-02 12:00:00,37.988,3.8973,398.09,103.47,8.73,184.5
2026-04-02 13:00:00,36.484,3.9286,402.83,103.59,8.09,181.7
2026-04-02 14:00:00,37.65,3.9539,402.34,104.21,7.78,174.0
2026-04-02 15:00:00,38.231,3.9222,403.09,106.96,8.29,199.3
2026-04-02 16:00:00,36.64,3.9589,402.54,106.0,8.53,194.4
2026-04-02 17:00:00,39.53,3.8675,401.89,105.59,7.39,178.8
2026-04-02 18:00:00,38.371,3.9063,401.8,104.95,7.41,193.4
2026-04-02 19:00:00,39.145,3.8831,399.19,102.36,8.64,209.1
2026-04-02 20:00:00,36.379,3.9377,402.67,103.2,7.72,179.9
2026-04-02 21:00:00,37.032,3.9087,401.95,104.19,8.68,192.1
2026-04-02 22:00:00,36.608,3.9715,403.51,102.99,9.4,194.7
2026-04-02 23:00:00,38.052,3.9944,392.75,101.68,8.57,187.8
2026-04-03 00:00:00,39.362,3.9745,401.49,102.17,7.5,198.5
2026-04-03 01:00:00,42.598,3.8036,400.8,103.48,6.66,188.6
2026-04-03 02:00:00,38.592,3.8752,404.81,104.79,8.63,196.1
2026-04-03 03:00:00,40.912,3.9489,396.68,103.52,8.69,183.2
2026-04-03 04:00:00,39.977,3.9605,404.59,103.16,7.39,196.0
2026-04-03 05:00:00,40.82,3.8689,401.85,104.87,8.09,219.1
2026-04-03 06:00:00,42.113,3.9417,403.11,108.39,8.89,183.4
2026-04-03 07:00:00,40.886,3.9056,398.46,104.44,8.23,189.9
2026-04-03 08:00:00,39.93,3.9425,395.45,105.27,8.04,193.1
2026-04-03 09:00:00,37.69,3.9842,395.05,102.8,8.54,184.5
2026-04-03 10:00:00,40.025,3.7929,398.85,104.38,8.57,187.6
2026-04-03 11:00:00,40.769,3.9236,398.15,102.96,9.57,182.1
2026-04-03 12:00:00,41.975,3.9057,404.46,103.13,8.44,193.7
2026-04-03 13:00:00,40.241,3.9174,397.88,103.95,7.72,197.9
2026-04-03 14:00:00,40.404,3.834,399.04,103.92,7.33,203.5
2026-04-03 15:00:00,40.993,3.9435,397.89,103.48,8.83,176.4
2026-04-03 16:00:00,40.949,3.9066,398.66,104.2,7.19,192.7
2026-04-03 17:00:00,39.063,3.8397,404.25,103.04,6.38,200.0
2026-04-03 18:00:00,39.592,3.7294,399.97,105.43,8.31,207.3
2026-04-03 19:00:00,40.363,3.9317,397.17,104.31,9.24,195.4
2026-04-03 20:00:00,40.707,3.8052,399.03,102.17,8.65,183.2
2026-04-03 21:00:00,40.945,3.8531,405.7,102.34,8.15,216.3
2026-04-03 22:00:00,40.77,3.8594,401.95,105.53,8.72,171.1
2026-04-03 23:00:00,40.773,3.7976,405.75,104.18,7.67,197.1
2026-04-04 00:00:00,36.13,3.844,404.95,103.71,6.65,204.3
2026-04-04 01:00:00,37.232,3.9643,401.77,102.75,8.78,208.8
2026-04-04 02:00:00,36.478,3.9815,397.85,105.59,8.78,175.8
2026-04-04 03:00:00,33.904,3.8669,400.39,104.75,7.86,189.9
2026-04-04 04:00:00,35.502,3.9069,401.89,104.81,8.0,193.1
2026-04-04 05:00:00,35.146,3.9421,398.66,106.52,8.02,193.2
2026-04-04 06:00:00,34.819,3.8855,400.65,104.11,7.55,179.0
2026-04-04 07:00:00,35.666,3.9103,401.79,105.94,7.79,170.7
2026-04-04 08:00:00,35.473,3.8111,396.33,105.61,8.49,184.1
2026-04-04 09:00:00,34.951,3.8983,394.93,104.8,7.77,208.8
2026-04-04 10:00:00,34.501,3.9526,398.13,105.6,7.27,197.9
2026-04-04 11:00:00,35.159,3.8617,399.72,104.79,8.37,206.3
2026-04-04 12:00:00,36.499,3.7716,398.97,101.11,7.74,196.8
2026-04-04 13:00:00,34.206,3.844,400.6,103.65,9.31,193.8
2026-04-04 14:00:00,36.193,3.99,398.67,104.08,7.25,193.1
2026-04-04 15:00:00,36.728,3.971,400.06,103.02,7.44,176.7
2026-04-04 16:00:00,35.758,3.9707,393.08,100.83,9.17,174.5
2026-04-04 17:00:00,35.983,3.8402,402.52,105.26,8.18,198.8
2026-04-04 18:00:00,35.686,3.9312,405.65,105.74,7.52,182.6
2026-04-04 19:00:00,35.381,3.8918,400.41,103.19,8.57,191.0
2026-04-04 20:00:00,36.023,3.9037,402.04,102.31,9.32,194.1
2026-04-04 21:00:00,36.119,3.934,403.45,105.21,8.25,188.9
2026-04-04 22:00:00,33.89,3.9143,399.28,103.64,9.98,172.1
2026-04-04 23:00:00,35.705,3.9643,403.1,105.97,7.05,181.1
2026-04-05 00:00:00,2.864,3.889,405.36,104.46,8.22,195.2
2026-04-05 01:00:00,3.198,3.9099,398.22,104.06,7.68,193.4
2026-04-05 02:00:00,3.444,3.8295,401.63,104.46,7.3,188.6
2026-04-05 03:00:00,3.951,4.0062,395.57,106.7,7.41,195.1
2026-04-05 04:00:00,4.572,3.8853,403.07,105.35,7.84,181.8
2026-04-05 05:00:00,5.622,3.9746,400.69,103.69,8.3,191.7
2026-04-05 06:00:00,5.89,3.8562,400.33,102.96,9.12,208.9
2026-04-05 07:00:00,5.995,3.9314,404.49,103.69,7.32,201.3
2026-04-05 08:00:00,6.65,3.8941,404.65,104.49,6.65,194.4
2026-04-05 09:00:00,6.93,3.9986,400.22,103.83,8.42,193.4
2026-04-05 10:00:00,6.894,3.9106,399.29,106.24,9.99,179.7
2026-04-05 11:00:00,7.499,3.8625,398.31,103.1,8.12,201.8
2026-04-05 12:00:00,7.801,3.8277,394.75,105.8,9.14,175.6
2026-04-05 13:00:00,8.09,3.9112,403.56,105.66,8.23,197.8
2026-04-05 14:00:00,9.419,3.877,406.01,104.14,7.19,186.3
2026-04-05 15:00:00,8.985,3.9055,403.57,102.24,8.98,211.9
2026-04-05 16:00:00,10.387,3.8468,397.72,103.64,7.05,178.4
2026-04-05 17:00:00,10.521,3.8957,402.1,102.34,9.57,201.6
2026-04-05 18:00:00,11.616,3.8722,405.51,103.63,9.53,201.7
2026-04-05 19:00:00,10.626,3.882,405.9,105.65,7.95,193.0
2026-04-05 20:00:00,11.233,3.8661,399.68,103.15,7.73,195.6
2026-04-05 21:00:00,10.592,3.9411,400.62,105.29,8.79,203.4
2026-04-05 22:00:00,11.471,3.9402,399.75,105.0,7.35,188.5
2026-04-05 23:00:00,11.538,3.9022,401.63,102.56,9.17,185.2
2026-04-06 00:00:00,35.306,3.9036,403.09,103.57,7.27,171.9
2026-04-06 01:00:00,34.572,3.8449,401.89,106.31,6.29,178.0
2026-04-06 02:00:00,35.215,3.9666,401.2,104.63,8.48,196.7
2026-04-06 03:00:00,36.612,3.9355,396.55,103.43,8.24,182.8
2026-04-06 04:00:00,34.618,3.8784,398.17,105.19,7.76,180.0
2026-04-06 05:00:00,34.142,3.9066,406.65,104.53,9.27,195.9
2026-04-06 06:00:00,32.638,3.9238,397.71,102.1,7.21,208.9
2026-04-06 07:00:00,33.235,3.8735,403.78,105.14,6.7,189.8
2026-04-06 08:00:00,34.349,3.8948,402.55,103.27,7.82,205.6
2026-04-06 09:00:00,32.954,3.8859,401.7,102.26,7.57,177.7
2026-04-06 10:00:00,35.053,3.8732,402.65,105.68,8.11,187.1
2026-04-06 11:00:00,35.162,3.9075,396.6,105.76,8.25,198.9
2026-04-06 12:00:00,33.456,3.9487,406.64,105.07,6.9,191.3
2026-04-06 13:00:00,34.825,3.9155,399.56,104.88,7.7,193.2
2026-04-06 14:00:00,34.161,3.9094,403.28,103.39,8.61,181.9
2026-04-06 15:00:00,34.493,3.8925,404.04,102.97,9.05,176.1
2026-04-06 16:00:00,34.718,3.9504,402.37,102.6,7.08,199.7
2026-04-06 17:00:00,33.554,3.9336,398.68,104.11,9.94,206.5
2026-04-06 18:00:00,35.767,3.8347,401.22,104.21,7.99,204.4
2026-04-06 19:00:00,33.068,3.9203,400.63,102.99,9.46,178.0
2026-04-06 20:00:00,34.909,3.9082,393.6,101.95,7.28,198.8
2026-04-06 21:00:00,35.877,3.9342,400.97,100.79,8.24,185.6
2026-04-06 22:00:00,36.114,3.9721,407.03,105.2,8.72,180.4
2026-04-06 23:00:00,34.96,3.8415,402.96,102.31,7.89,182.5
2026-04-07 00:00:00,37.198,3.9271,398.52,104.45,7.25,204.9
2026-04-07 01:00:00,36.995,3.9551,406.73,100.41,7.26,188.7
2026-04-07 02:00:00,39.071,3.8792,401.38,103.0,8.52,178.4
2026-04-07 03:00:00,38.689,3.7519,394.46,106.88,8.2,181.6
2026-04-07 04:00:00,40.257,3.9571,403.66,103.47,8.56,195.9
2026-04-07 05:00:00,35.823,3.9338,399.65,106.07,9.12,184.2
2026-04-07 06:00:00,37.032,3.9133,402.22,103.48,7.96,196.9
2026-04-07 07:00:00,38.212,3.9628,400.94,102.75,6.62,199.0
2026-04-07 08:00:00,37.34,3.8857,399.32,101.69,7.74,164.1
2026-04-07 09:00:00,37.258,3.8577,405.84,104.79,7.88,192.3
2026-04-07 10:00:00,38.564,3.8647,399.5,103.56,10.09,191.4
2026-04-07 11:00:00,35.446,3.9441,408.15,102.63,10.91,190.0
2026-04-07 12:00:00,38.879,3.8744,399.37,102.2,7.18,168.6
2026-04-07 13:00:00,39.045,3.8442,401.33,104.61,7.52,191.1
2026-04-07 14:00:00,37.607,3.8777,400.34,104.17,7.21,177.3
2026-04-07 15:00:00,36.729,3.9093,404.46,106.36,8.31,200.4
2026-04-07 16:00:00,37.857,3.96,400.58,104.7,7.81,190.5
2026-04-07 17:00:00,39.924,3.8412,400.19,103.17,8.84,209.3
2026-04-07 18:00:00,37.348,3.7598,402.08,105.04,6.65,188.1
2026-04-07 19:00:00,37.632,3.7833,402.26,104.77,8.24,179.6
2026-04-07 20:00:00,36.876,3.87,401.65,102.55,9.26,194.5
2026-04-07 21:00:00,35.158,3.9899,400.65,103.22,8.13,171.6
2026-04-07 22:00:00,37.927,3.7751,396.97,106.18,9.09,187.0
2026-04-07 23:00:00,36.569,3.9509,399.99,104.4,8.56,179.3
2026-04-08 00:00:00,35.559,3.7925,404.7,101.62,7.51,183.5
2026-04-08 01:00:00,35.487,3.9411,401.26,104.91,8.43,189.7
2026-04-08 02:00:00,32.629,3.7821,392.94,103.99,7.84,189.0
2026-04-08 03:00:00,34.938,3.8898,397.0,101.71,6.45,203.1
2026-04-08 04:00:00,35.676,3.8313,399.26,104.75,9.36,184.1
2026-04-08 05:00:00,34.88,3.9622,394.67,102.9,8.0,182.8
2026-04-08 06:00:00,36.981,3.947,400.72,102.55,8.75,196.9
2026-04-08 07:00:00,34.127,3.8789,395.51,103.93,8.75,200.8
2026-04-08 08:00:00,35.314,3.9446,398.25,103.31,9.03,195.0
2026-04-08 09:00:00,33.82,3.9276,402.69,105.15,8.11,184.9
2026-04-08 10:00:00,35.115,3.9899,400.54,103.0,8.31,177.4
2026-04-08 11:00:00,34.929,3.8857,403.08,104.2,8.9,214.2
2026-04-08 12:00:00,34.443,3.8578,401.51,103.9,8.14,184.0
2026-04-08 13:00:00,35.28,3.9048,393.32,103.67,8.3,202.5
2026-04-08 14:00:00,34.052,3.8594,403.66,103.08,8.11,195.1
2026-04-08 15:00:00,35.474,3.9016,396.6,105.61,7.66,184.8
2026-04-08 16:00:00,36.844,3.9468,396.76,103.28,7.81,182.4
2026-04-08 17:00:00,32.603,3.9427,402.48,104.41,7.68,192.4
2026-04-08 18:00:00,35.363,3.8469,399.03,103.16,8.59,192.9
2026-04-08 19:00:00,33.272,3.869,405.56,102.52,8.14,183.7
2026-04-08 20:00:00,36.016,3.8976,398.7,102.2,7.81,198.8
2026-04-08 21:00:00,35.395,3.8323,404.9,103.64,7.14,191.5
2026-04-08 22:00:00,33.999,3.8708,398.08,103.88,7.6,172.4
2026-04-08 23:00:00,35.229,3.8737,403.75,104.85,8.52,192.0
2026-04-09 00:00:00,37.435,3.8837,396.95,104.55,5.76,186.3
2026-04-09 01:00:00,36.226,3.879,403.93,105.1,8.1,186.0
2026-04-09 02:00:00,37.207,3.8654,398.74,105.17,8.5,211.1
2026-04-09 03:00:00,35.742,3.8033,402.07,105.96,7.87,206.2
2026-04-09 04:00:00,37.968,3.866,398.53,102.07,8.45,197.5
2026-04-09 05:00:00,36.656,3.8366,397.65,101.79,6.67,176.2
2026-04-09 06:00:00,34.218,3.8908,401.33,104.97,7.99,183.1
2026-04-09 07:00:00,35.966,3.9296,399.09,104.09,7.75,184.6
2026-04-09 08:00:00,36.014,3.8426,403.26,101.59,8.38,176.0
2026-04-09 09:00:00,37.655,3.9448,397.49,103.31,7.07,189.4
2026-04-09 10:00:00,36.432,4.0316,395.78,105.92,7.52,192.8
2026-04-09 11:00:00,36.951,3.928,401.31,103.7,7.99,191.6
2026-04-09 12:00:00,37.305,3.8245,398.48,102.08,7.21,181.8
2026-04-09 13:00:00,37.193,4.0103,404.18,102.17,8.06,178.3
2026-04-09 14:00:00,36.468,3.9654,401.81,105.34,7.88,169.8
2026-04-09 15:00:00,33.774,3.8949,401.77,105.96,7.71,190.8
2026-04-09 16:00:00,36.257,3.9546,399.78,102.31,8.89,194.2
2026-04-09 17:00:00,36.398,3.8346,399.98,101.35,6.35,187.6
2026-04-09 18:00:00,35.491,3.9291,404.44,103.95,9.47,184.0
2026-04-09 19:00:00,36.819,3.8349,400.39,103.51,7.83,196.0
2026-04-09 20:00:00,33.884,3.9059,397.5,104.18,8.32,186.2
2026-04-09 21:00:00,35.561,3.8408,401.69,102.96,8.36,175.4
2026-04-09 22:00:00,37.489,3.8476,403.56,103.31,8.45,188.5
2026-04-09 23:00:00,36.726,3.9002,403.91,105.03,8.56,207.1
2026-04-10 00:00:00,35.499,3.9667,400.22,101.72,8.39,187.9
2026-04-10 01:00:00,38.162,3.8748,400.15,104.36,6.44,195.2
2026-04-10 02:00:00,35.168,3.9722,405.13,103.99,6.7,191.9
2026-04-10 03:00:00,36.474,3.9369,399.09,102.17,7.88,180.5
2026-04-10 04:00:00,38.256,3.8637,397.99,103.93,6.98,185.4
2026-04-10 05:00:00,36.127,3.8749,399.23,105.91,8.36,176.3
2026-04-10 06:00:00,35.799,3.9383,398.0,104.13,7.98,195.4
2026-04-10 07:00:00,36.078,3.8928,397.36,104.55,7.24,207.8
2026-04-10 08:00:00,36.255,3.8885,402.42,103.87,8.07,189.5
2026-04-10 09:00:00,35.469,3.8528,397.85,105.74,7.49,185.8
2026-04-10 10:00:00,35.777,3.9357,406.09,102.58,8.45,191.2
2026-04-10 11:00:00,35.94,3.9259,396.09,105.28,8.18,179.8
2026-04-10 12:00:00,38.054,3.9436,403.57,101.77,7.78,184.6
2026-04-10 13:00:00,36.976,3.9693,394.15,104.03,7.9,200.2
2026-04-10 14:00:00,36.233,3.8349,399.4,102.41,7.36,190.4
2026-04-10 15:00:00,35.743,3.9143,395.34,107.56,9.03,197.3
2026-04-10 16:00:00,34.838,3.7896,397.35,103.64,9.83,203.4
2026-04-10 17:00:00,35.693,3.9618,403.75,104.02,9.0,193.4
2026-04-10 18:00:00,35.549,3.8399,399.62,105.53,6.89,173.5
2026-04-10 19:00:00,36.89,3.7611,405.59,103.33,8.6,209.0
2026-04-10 20:00:00,34.663,3.8463,406.88,103.56,7.9,192.3
2026-04-10 21:00:00,37.454,3.9678,400.34,103.49,7.97,193.1
2026-04-10 22:00:00,37.735,3.9069,405.58,102.68,8.44,208.0
2026-04-10 23:00:00,37.711,3.917,397.29,102.91,7.87,193.2
2026-04-11 00:00:00,3.776,3.8256,397.74,104.79,8.68,175.7
2026-04-11 01:00:00,4.379,3.8144,398.27,109.43,8.05,186.5
2026-04-11 02:00:00,4.946,3.8381,394.3,103.94,7.77,205.1
2026-04-11 03:00:00,5.257,3.9223,404.11,101.0,8.54,173.5
2026-04-11 04:00:00,6.545,3.9754,399.99,104.44,7.43,193.0
2026-04-11 05:00:00,7.418,3.8907,399.57,104.6,8.67,173.3
2026-04-11 06:00:00,7.673,3.865,401.52,105.59,8.26,203.2
2026-04-11 07:00:00,7.867,3.8791,396.97,104.09,8.08,188.0
2026-04-11 08:00:00,8.372,3.8961,398.66,104.93,7.78,201.9
2026-04-11 09:00:00,9.676,3.805,399.47,101.81,8.79,204.7
2026-04-11 10:00:00,10.186,3.9227,395.57,100.55,7.55,187.4
2026-04-11 11:00:00,9.999,3.9047,400.96,104.99,9.27,198.3
2026-04-11 12:00:00,11.26,3.9055,401.85,102.4,9.09,199.2
2026-04-11 13:00:00,11.973,3.8675,411.69,105.29,8.77,208.4
2026-04-11 14:00:00,13.391,3.9109,402.17,102.6,8.59,174.3
2026-04-11 15:00:00,13.68,3.9288,395.23,106.96,7.06,200.8
2026-04-11 16:00:00,13.65,3.9163,398.0,107.84,8.85,208.6
2026-04-11 17:00:00,15.258,3.9363,400.5,103.65,8.51,191.8
2026-04-11 18:00:00,15.193,3.8304,399.11,104.96,7.63,193.8
2026-04-11 19:00:00,15.203,3.8482,397.28,102.89,7.78,187.5
2026-04-11 20:00:00,16.193,3.8455,393.78,105.09,7.64,189.0
2026-04-11 21:00:00,17.317,3.9763,401.89,105.49,8.12,200.1
2026-04-11 22:00:00,14.841,3.8648,398.64,106.47,9.3,184.1
2026-04-11 23:00:00,16.232,3.8933,403.39,103.56,8.81,189.2
2026-04-12 00:00:00,36.916,3.9004,400.58,103.15,6.9,207.7
2026-04-12 01:00:00,36.796,3.8084,393.12,99.74,7.52,204.3
2026-04-12 02:00:00,35.377,3.8853,394.45,105.75,8.33,193.7
2026-04-12 03:00:00,38.799,3.9864,403.29,103.17,6.94,179.7
2026-04-12 04:00:00,35.241,3.9947,399.53,104.26,8.19,211.2
2026-04-12 05:00:00,36.608,3.9628,401.06,103.83,6.45,199.9
2026-04-12 06:00:00,36.401,3.8784,400.82,104.21,8.96,183.5
2026-04-12 07:00:00,37.445,3.9164,400.21,105.11,7.82,202.8
2026-04-12 08:00:00,36.441,3.8281,400.0,105.89,7.61,184.0
2026-04-12 09:00:00,36.859,3.9106,399.59,104.54,6.62,205.9
2026-04-12 10:00:00,37.926,3.8578,404.37,104.76,9.25,178.3
2026-04-12 11:00:00,39.164,3.9045,393.77,105.23,7.79,180.0
2026-04-12 12:00:00,37.01,3.8022,401.93,103.73,7.81,205.0
2026-04-12 13:00:00,37.297,3.8681,397.19,103.97,8.91,184.4
2026-04-12 14:00:00,36.064,3.9496,400.31,104.02,9.75,177.9
2026-04-12 15:00:00,37.486,3.8107,399.2,104.97,8.96,177.3
2026-04-12 16:00:00,38.217,3.9424,399.75,107.86,8.03,181.4
2026-04-12 17:00:00,37.746,3.8062,404.95,105.59,7.7,196.7
2026-04-12 18:00:00,37.873,4.0017,398.22,102.07,6.36,187.4
2026-04-12 19:00:00,35.453,3.8932,401.39,103.38,7.26,202.7
2026-04-12 20:00:00,37.026,3.914,403.06,102.05,7.27,216.1
2026-04-12 21:00:00,37.074,3.8484,399.34,103.18,7.02,186.2
2026-04-12 22:00:00,37.232,3.9013,401.79,101.38,6.8,198.5
2026-04-12 23:00:00,36.746,3.9647,401.06,101.88,8.47,180.0
2026-04-13 00:00:00,32.701,3.9653,406.65,103.95,8.61,193.5
2026-04-13 01:00:00,33.232,3.7708,398.92,104.51,8.42,182.7
2026-04-13 02:00:00,33.266,3.9588,400.34,103.71,7.74,191.8
2026-04-13 03:00:00,33.62,3.9792,398.67,102.63,7.38,200.5
2026-04-13 04:00:00,32.663,3.9174,401.61,104.64,7.93,179.7
2026-04-13 05:00:00,31.825,3.9083,401.33,103.49,7.69,204.5
2026-04-13 06:00:00,31.976,3.9135,399.15,102.74,6.79,184.9
2026-04-13 07:00:00,31.623,3.9456,396.59,103.43,8.57,189.3
2026-04-13 08:00:00,32.934,3.9449,395.03,103.43,7.25,204.2
2026-04-13 09:00:00,32.324,3.9275,405.34,103.52,8.09,194.6
2026-04-13 10:00:00,32.176,3.9662,402.63,105.6,8.07,186.9
2026-04-13 11:00:00,32.089,3.8834,395.1,104.62,8.7,190.3
2026-04-13 12:00:00,31.949,3.9039,400.81,104.56,9.5,181.7
2026-04-13 13:00:00,32.8,3.9371,400.36,103.7,7.2,184.4
2026-04-13 14:00:00,33.137,3.9758,398.12,104.78,8.45,200.6
2026-04-13 15:00:00,32.68,3.9244,402.84,102.29,8.07,172.5
2026-04-13 16:00:00,30.495,3.8602,395.43,104.83,8.84,187.3
2026-04-13 17:00:00,32.301,3.8901,399.32,104.26,8.31,185.7
2026-04-13 18:00:00,31.664,3.8755,402.54,103.42,9.2,187.9
2026-04-13 19:00:00,33.778,3.8415,398.01,104.78,8.42,188.8
2026-04-13 20:00:00,34.435,3.9054,400.98,103.19,9.36,199.0
2026-04-13 21:00:00,32.839,3.8193,401.2,103.35,8.34,199.5
2026-04-13 22:00:00,31.701,3.9126,402.75,104.3,7.76,179.7
2026-04-13 23:00:00,31.78,3.8378,403.08,104.21,7.05,190.3
2026-04-14 00:00:00,32.832,3.7366,403.74,105.81,6.84,183.1
2026-04-14 01:00:00,34.37,3.8824,397.52,103.27,7.83,184.8
2026-04-14 02:00:00,34.374,3.8899,397.8,104.08,6.69,204.8
2026-04-14 03:00:00,32.371,3.8973,401.11,104.67,8.23,203.0
2026-04-14 04:00:00,33.002,3.898,400.53,103.3,7.55,203.2
2026-04-14 05:00:00,33.424,3.8774,399.25,103.72,8.15,188.2
2026-04-14 06:00:00,34.536,3.9081,401.52,106.09,7.35,206.8
2026-04-14 07:00:00,33.693,3.9345,400.56,103.59,6.45,206.4
2026-04-14 08:00:00,33.377,3.8619,403.26,104.15,9.54,207.0
2026-04-14 09:00:00,34.874,3.9138,402.35,102.07,8.16,191.7
2026-04-14 10:00:00,33.668,3.9138,395.7,105.38,9.04,177.3
2026-04-14 11:00:00,34.297,3.9781,401.32,102.49,7.23,198.7
2026-04-14 12:00:00,36.016,3.8471,400.18,102.87,7.79,193.3
2026-04-14 13:00:00,34.105,3.867,406.34,103.79,7.87,201.2
2026-04-14 14:00:00,34.159,3.891,402.89,102.49,8.61,200.4
2026-04-14 15:00:00,34.819,3.8921,400.04,101.47,7.91,193.1
2026-04-14 16:00:00,35.027,3.908,398.9,102.78,7.98,191.5
2026-04-14 17:00:00,35.373,3.9014,398.57,103.87,7.63,187.9
2026-04-14 18:00:00,31.907,3.8221,396.51,104.72,7.95,191.6
2026-04-14 19:00:00,35.322,3.8493,403.45,104.6,7.45,204.9
2026-04-14 20:00:00,32.7,3.8452,399.44,104.63,7.86,169.1
2026-04-14 21:00:00,33.842,3.8967,407.6,106.06,8.11,179.4
2026-04-14 22:00:00,34.489,3.8432,400.65,104.57,7.7,192.6
2026-04-14 23:00:00,33.809,3.8726,404.6,104.89,7.77,182.6
2026-04-15 00:00:00,37.225,3.9288,402.57,106.21,8.38,179.1
2026-04-15 01:00:00,39.255,3.9581,402.51,106.0,6.84,186.5
2026-04-15 02:00:00,36.469,3.9595,396.55,103.55,9.21,196.5
2026-04-15 03:00:00,36.607,3.9935,396.11,104.69,7.83,195.2
2026-04-15 04:00:00,36.726,3.8595,400.67,102.07,8.43,187.0
2026-04-15 05:00:00,38.037,3.8786,398.05,104.61,8.98,169.7
2026-04-15 06:00:00,37.156,3.9315,395.83,102.72,8.52,182.0
2026-04-15 07:00:00,36.327,3.9852,397.25,102.74,6.18,179.3
2026-04-15 08:00:00,35.677,3.9851,403.63,102.15,9.56,197.7
2026-04-15 09:00:00,36.826,3.9404,401.16,102.88,6.62,181.1
2026-04-15 10:00:00,37.017,3.8829,397.84,105.45,7.17,198.9
2026-04-15 11:00:00,36.494,3.9058,396.71,104.0,7.39,172.9
2026-04-15 12:00:00,37.0,3.8979,402.48,104.43,7.21,184.0
2026-04-15 13:00:00,34.301,3.8452,403.86,106.25,8.61,193.1
2026-04-15 14:00:00,37.663,3.9243,394.89,102.72,8.94,201.7
2026-04-15 15:00:00,37.282,3.885,398.88,103.2,7.27,171.1
2026-04-15 16:00:00,37.182,3.878,399.38,106.55,8.47,183.1
2026-04-15 17:00:00,37.655,3.826,403.13,104.4,7.85,195.7
2026-04-15 18:00:00,38.615,3.8773,397.09,107.14,8.02,204.8
2026-04-15 19:00:00,36.276,3.919,398.11,104.95,7.79,183.4
2026-04-15 20:00:00,38.721,3.917,393.99,103.66,7.28,178.0
2026-04-15 21:00:00,36.375,3.8766,400.11,102.83,6.53,184.7
2026-04-15 22:00:00,37.983,3.8325,401.85,104.69,7.65,193.1
2026-04-15 23:00:00,36.19,3.8803,396.97,104.7,9.09,183.3
2026-04-16 00:00:00,40.334,3.7942,397.37,102.5,9.37,184.1
2026-04-16 01:00:00,39.85,3.7983,400.34,104.85,7.97,162.9
2026-04-16 02:00:00,39.151,3.9404,403.94,104.6,6.66,187.9
2026-04-16 03:00:00,39.995,3.8593,401.69,103.29,8.07,197.6
2026-04-16 04:00:00,38.12,4.0427,400.46,104.51,7.41,190.6
2026-04-16 05:00:00,38.632,3.8273,395.42,104.43,7.93,163.8
2026-04-16 06:00:00,36.443,3.8846,399.79,104.91,7.01,195.9
2026-04-16 07:00:00,38.585,3.8747,399.58,105.48,8.45,198.9
2026-04-16 08:00:00,38.141,3.8858,396.51,103.17,7.68,185.3
2026-04-16 09:00:00,39.777,3.9213,402.28,104.19,8.86,191.1
2026-04-16 10:00:00,40.072,3.9251,402.21,103.9,7.01,175.6
2026-04-16 11:00:00,41.231,3.9194,401.33,103.75,7.63,218.7
2026-04-16 12:00:00,37.635,3.8969,399.85,102.3,6.98,183.0
2026-04-16 13:00:00,38.542,3.8757,402.44,102.23,8.32,204.7
2026-04-16 14:00:00,39.987,3.843,391.14,105.27,8.4,184.1
2026-04-16 15:00:00,40.44,3.8798,400.32,102.44,8.26,185.7
2026-04-16 16:00:00,38.356,3.954,400.64,101.76,8.55,198.4
2026-04-16 17:00:00,37.972,3.8804,400.16,103.63,8.1,196.5
2026-04-16 18:00:00,38.369,4.004,397.86,103.19,9.58,213.8
2026-04-16 19:00:00,38.988,3.8906,396.78,105.71,8.14,181.5
2026-04-16 20:00:00,39.418,3.9685,402.06,107.31,8.93,194.4
2026-04-16 21:00:00,38.906,3.9275,403.65,105.29,8.84,192.2
2026-04-16 22:00:00,39.839,3.9608,399.5,102.06,9.38,195.8
2026-04-16 23:00:00,38.43,3.9117,399.26,101.44,7.85,175.8
2026-04-17 00:00:00,41.106,3.8945,403.4,103.82,8.3,187.0
2026-04-17 01:00:00,40.392,3.8301,402.97,104.26,7.53,192.1
2026-04-17 02:00:00,40.349,3.8638,400.75,105.82,7.78,175.8
2026-04-17 03:00:00,40.104,3.9899,397.57,105.78,7.81,197.4
2026-04-17 04:00:00,40.727,3.8211,398.76,107.17,7.89,195.6
2026-04-17 05:00:00,40.445,3.8934,400.97,104.71,9.78,189.8
2026-04-17 06:00:00,40.637,3.8669,396.06,101.59,8.53,171.4
2026-04-17 07:00:00,42.582,3.943,399.12,102.27,8.02,190.2
2026-04-17 08:00:00,42.241,3.863,398.87,103.92,7.78,183.8
2026-04-17 09:00:00,38.759,3.8182,397.98,103.67,8.8,213.1
2026-04-17 10:00:00,42.962,3.9199,405.64,103.83,7.58,213.2
2026-04-17 11:00:00,39.554,3.8795,399.22,106.19,7.53,197.8
2026-04-17 12:00:00,40.363,3.839,400.72,104.26,7.08,181.4
2026-04-17 13:00:00,39.891,3.9484,401.4,104.36,8.4,185.3
2026-04-17 14:00:00,41.448,3.87,396.02,102.95,8.17,191.0
2026-04-17 15:00:00,42.16,3.8159,399.36,104.6,7.23,192.6
2026-04-17 16:00:00,40.363,3.8438,403.38,101.93,8.81,185.9
2026-04-17 17:00:00,39.714,3.8561,397.81,102.74,8.22,171.4
2026-04-17 18:00:00,42.385,3.9421,404.18,102.54,6.15,183.8
2026-04-17 19:00:00,40.661,3.9155,398.47,103.89,8.13,174.6
2026-04-17 20:00:00,43.08,3.8443,400.82,105.63,7.38,190.1
2026-04-17 21:00:00,42.87,3.8864,403.17,104.45,8.19,197.3
2026-04-17 22:00:00,40.587,3.8901,402.92,104.41,8.41,178.2
2026-04-17 23:00:00,40.893,3.9612,402.74,104.54,7.6,184.0
2026-04-18 00:00:00,36.486,3.9716,400.17,105.98,7.77,202.2
2026-04-18 01:00:00,34.935,3.9101,396.85,105.01,8.47,180.7
2026-04-18 02:00:00,35.211,3.8786,395.58,102.64,7.32,198.0
2026-04-18 03:00:00,37.507,3.8786,399.18,104.34,7.6,187.4
2026-04-18 04:00:00,36.917,3.9123,399.79,103.17,9.19,184.0
2026-04-18 05:00:00,36.145,3.8492,398.26,104.16,7.7,195.5
2026-04-18 06:00:00,36.087,3.8317,393.13,105.51,7.55,204.9
2026-04-18 07:00:00,36.029,3.8626,401.72,103.62,8.02,180.9
2026-04-18 08:00:00,36.701,3.9554,398.47,106.69,7.56,192.6
2026-04-18 09:00:00,34.248,3.8047,406.34,106.15,8.93,173.2
2026-04-18 10:00:00,36.256,3.9216,400.28,104.47,7.28,188.5
2026-04-18 11:00:00,34.782,3.8832,401.15,102.85,7.79,185.8
2026-04-18 12:00:00,36.027,3.9466,400.74,104.61,6.86,186.5
2026-04-18 13:00:00,36.892,3.8576,398.74,102.56,9.07,185.6
2026-04-18 14:00:00,35.223,3.9314,403.33,104.76,8.79,192.2
2026-04-18 15:00:00,35.869,3.8785,398.51,103.12,8.3,189.0
2026-04-18 16:00:00,36.101,3.9307,399.86,101.96,7.37,178.9
2026-04-18 17:00:00,33.95,3.9056,396.43,102.09,7.15,198.8
2026-04-18 18:00:00,35.67,3.9503,399.75,103.36,8.46,196.0
2026-04-18 19:00:00,36.128,3.8485,398.65,102.24,7.8,191.0
2026-04-18 20:00:00,37.603,3.9708,402.04,105.44,8.19,217.7
2026-04-18 21:00:00,37.65,4.0324,401.16,104.62,8.84,191.9
2026-04-18 22:00:00,36.336,3.8508,402.83,104.21,8.65,187.8
2026-04-18 23:00:00,34.083,3.9252,403.5,102.08,7.23,187.0
2026-04-19 00:00:00,34.859,3.8151,405.27,105.52,7.51,171.9
2026-04-19 01:00:00,35.5,3.9992,402.49,105.73,7.25,192.3
2026-04-19 02:00:00,33.538,3.9989,401.71,100.84,6.52,194.8
2026-04-19 03:00:00,35.263,3.8845,401.85,107.01,8.29,172.0
2026-04-19 04:00:00,34.949,3.8344,397.58,104.49,7.86,179.3
2026-04-19 05:00:00,35.086,3.859,401.58,103.63,8.31,187.3
2026-04-19 06:00:00,35.899,3.8929,399.94,103.14,8.11,172.2
2026-04-19 07:00:00,37.918,3.8655,400.27,103.27,7.6,193.9
2026-04-19 08:00:00,34.568,3.878,395.83,102.6,7.06,207.9
2026-04-19 09:00:00,33.699,3.8457,400.54,106.12,6.63,174.4
2026-04-19 10:00:00,35.234,3.9162,395.71,101.28,7.22,197.3
2026-04-19 11:00:00,35.055,3.9364,399.63,103.93,8.48,188.6
2026-04-19 12:00:00,35.347,3.8535,398.15,104.68,7.79,182.3
2026-04-19 13:00:00,35.79,3.9264,399.92,102.83,8.7,214.8
2026-04-19 14:00:00,34.23,3.8219,397.6,102.57,6.97,178.0
2026-04-19 15:00:00,35.988,3.9419,404.37,105.09,7.6,200.6
2026-04-19 16:00:00,34.449,3.8815,396.41,105.8,8.79,185.1
2026-04-19 17:00:00,34.764,3.9005,400.53,105.23,8.03,193.7
2026-04-19 18:00:00,33.51,3.8836,394.54,106.63,9.09,196.9
2026-04-19 19:00:00,36.259,3.9988,402.73,101.57,7.81,166.2
2026-04-19 20:00:00,34.229,3.8363,399.89,104.54,7.23,186.9
2026-04-19 21:00:00,35.379,3.8906,399.37,100.35,7.62,197.6
2026-04-19 22:00:00,35.354,3.8242,399.08,104.35,7.19,196.4
2026-04-19 23:00:00,34.236,3.8817,399.57,107.29,7.71,183.9
2026-04-20 00:00:00,34.891,3.8746,400.47,100.57,8.21,189.4
2026-04-20 01:00:00,32.833,3.966,399.17,103.65,6.92,173.4
2026-04-20 02:00:00,33.573,3.822,401.36,105.25,7.46,173.5
2026-04-20 03:00:00,33.751,3.8451,400.39,104.21,7.63,190.3
2026-04-20 04:00:00,35.222,3.9832,398.32,105.02,7.78,179.0
2026-04-20 05:00:00,35.468,3.9176,400.3,104.47,7.84,179.1
2026-04-20 06:00:00,35.974,3.9429,400.67,105.39,9.0,187.6
2026-04-20 07:00:00,34.754,3.8817,401.81,103.56,9.91,186.0
2026-04-20 08:00:00,34.681,3.9211,398.87,105.34,7.9,185.5
2026-04-20 09:00:00,34.153,3.8604,403.46,104.88,8.75,176.1
2026-04-20 10:00:00,34.429,3.8595,400.13,105.85,8.17,187.8
2026-04-20 11:00:00,35.3,3.9485,405.42,101.15,8.23,185.4
2026-04-20 12:00:00,33.255,3.9037,396.39,100.59,7.24,187.0
2026-04-20 13:00:00,36.066,3.8619,396.37,100.97,7.69,187.2
2026-04-20 14:00:00,34.304,3.8256,397.59,100.54,8.1,173.9
2026-04-20 15:00:00,31.334,3.9559,401.39,104.47,8.25,179.2
2026-04-20 16:00:00,35.253,3.8455,405.61,104.28,6.49,198.3
2026-04-20 17:00:00,36.176,3.8852,403.08,103.62,7.47,163.8
2026-04-20 18:00:00,35.421,3.8757,401.02,102.24,7.24,200.8
2026-04-20 19:00:00,33.757,3.878,396.1,104.26,8.59,185.0
2026-04-20 20:00:00,33.962,3.837,404.1,103.01,7.85,206.5
2026-04-20 21:00:00,33.923,3.8204,397.11,103.41,9.4,191.9
2026-04-20 22:00:00,33.926,3.9398,403.82,102.81,9.12,198.3
2026-04-20 23:00:00,34.622,3.7796,400.49,106.05,7.75,212.9
2026-04-21 00:00:00,37.01,3.8474,401.7,104.4,8.65,187.5
2026-04-21 01:00:00,38.384,3.8706,400.31,102.08,7.33,191.8
2026-04-21 02:00:00,36.2,3.876,399.3,104.34,8.6,197.5
2026-04-21 03:00:00,38.079,3.9091,398.28,101.56,7.7,181.7
2026-04-21 04:00:00,34.904,3.982,394.36,104.5,8.43,187.4
2026-04-21 05:00:00,39.835,3.8999,397.61,106.64,7.33,175.3
2026-04-21 06:00:00,35.81,3.8664,400.07,104.48,6.75,193.3
2026-04-21 07:00:00,39.445,3.8627,399.53,105.02,8.96,183.0
2026-04-21 08:00:00,35.856,3.8478,403.27,105.34,6.23,168.1
2026-04-21 09:00:00,35.546,3.8228,401.18,104.3,9.57,197.8
2026-04-21 10:00:00,37.075,3.9588,397.22,101.84,8.01,199.3
2026-04-21 11:00:00,35.116,3.9443,402.55,103.2,8.12,187.0
2026-04-21 12:00:00,37.03,3.9399,397.49,105.55,8.69,199.0
2026-04-21 13:00:00,34.72,3.8044,402.04,103.07,7.42,182.0
2026-04-21 14:00:00,35.426,3.8843,397.73,102.97,8.37,177.8
2026-04-21 15:00:00,38.205,3.786,407.58,101.89,8.46,199.1
2026-04-21 16:00:00,36.933,3.9367,399.6,101.28,8.26,201.4
2026-04-21 17:00:00,36.315,3.8125,398.09,104.46,8.23,201.0
2026-04-21 18:00:00,37.567,3.9247,393.82,107.37,8.02,198.6
2026-04-21 19:00:00,36.546,3.8911,400.12,106.37,9.22,196.1
2026-04-21 20:00:00,39.182,3.8788,401.52,103.27,9.04,190.2
2026-04-21 21:00:00,38.048,3.987,393.61,107.29,8.25,186.6
2026-04-21 22:00:00,34.777,3.8838,392.91,104.11,7.85,208.5
2026-04-21 23:00:00,36.576,3.9541,403.53,107.14,7.79,197.7
2026-04-22 00:00:00,35.435,3.8427,399.13,103.95,7.0,185.7
2026-04-22 01:00:00,37.97,3.8761,399.49,102.62,9.12,208.1
2026-04-22 02:00:00,37.407,3.8937,405.09,104.72,7.44,176.1
2026-04-22 03:00:00,36.5,4.0121,398.16,108.43,7.99,187.7
2026-04-22 04:00:00,38.689,3.8871,401.15,102.39,6.97,182.4
2026-04-22 05:00:00,37.431,3.8657,393.94,104.73,7.86,187.1
2026-04-22 06:00:00,36.476,3.7843,404.88,103.26,8.43,204.3
2026-04-22 07:00:00,38.471,3.9102,400.02,104.47,8.74,195.9
2026-04-22 08:00:00,36.668,3.923,401.16,105.07,8.17,204.0
2026-04-22 09:00:00,37.411,3.9455,400.13,103.11,7.22,188.4
2026-04-22 10:00:00,37.794,3.965,399.72,103.2,7.58,203.2
2026-04-22 11:00:00,37.302,3.8743,402.27,101.97,8.09,189.5
2026-04-22 12:00:00,37.027,3.8408,403.02,106.59,6.91,191.2
2026-04-22 13:00:00,37.919,4.0157,398.72,102.54,8.0,210.6
2026-04-22 14:00:00,37.261,3.9135,405.46,100.71,6.22,199.3
2026-04-22 15:00:00,38.068,3.8289,401.59,104.06,8.18,181.7
2026-04-22 16:00:00,36.664,3.855,400.16,103.64,9.38,196.4
2026-04-22 17:00:00,35.382,3.9213,404.41,104.43,8.89,189.6
2026-04-22 18:00:00,37.988,3.8521,402.42,101.88,9.06,174.5
2026-04-22 19:00:00,34.763,3.9272,399.47,104.18,8.35,189.7
2026-04-22 20:00:00,36.17,3.9108,401.07,104.76,9.63,182.5
2026-04-22 21:00:00,37.259,3.9287,398.62,102.16,7.53,200.9
2026-04-22 22:00:00,36.874,3.9314,397.74,104.69,7.45,181.4
2026-04-22 23:00:00,37.311,3.9027,404.53,101.5,8.42,206.5
2026-04-23 00:00:00,35.98,3.8803,397.9,103.24,8.25,191.9
2026-04-23 01:00:00,34.905,3.9307,396.71,102.26,6.99,176.2
2026-04-23 02:00:00,34.428,3.916,407.79,104.82,8.01,204.6
2026-04-23 03:00:00,33.753,3.9174,403.0,105.21,8.33,186.4
2026-04-23 04:00:00,33.214,3.8921,398.17,105.06,7.89,195.8
2026-04-23 05:00:00,32.824,3.9499,397.38,101.6,6.87,183.6
2026-04-23 06:00:00,35.727,3.9366,396.39,104.13,7.91,173.9
2026-04-23 07:00:00,33.481,3.7956,397.32,99.92,7.35,180.4
2026-04-23 08:00:00,33.687,3.8578,403.56,103.46,8.2,197.7
2026-04-23 09:00:00,35.489,3.9348,398.3,102.31,7.36,185.2
2026-04-23 10:00:00,34.539,3.8956,403.37,103.84,9.47,200.5
2026-04-23 11:00:00,34.022,3.944,391.17,106.12,8.34,194.1
2026-04-23 12:00:00,32.748,4.029,399.22,103.78,8.92,188.0
2026-04-23 13:00:00,33.631,3.9337,396.89,105.14,8.11,201.5
2026-04-23 14:00:00,33.25,3.9637,400.9,107.03,7.47,209.0
2026-04-23 15:00:00,35.279,3.9403,397.77,104.86,8.55,181.5
2026-04-23 16:00:00,33.307,3.8605,404.49,104.24,8.77,193.0
2026-04-23 17:00:00,34.656,3.9113,398.74,105.87,8.14,192.3
2026-04-23 18:00:00,33.067,3.9158,397.93,103.23,8.85,178.8
2026-04-23 19:00:00,34.321,3.9321,403.53,103.2,8.26,192.9
2026-04-23 20:00:00,33.337,3.7906,394.09,104.92,8.08,176.3
2026-04-23 21:00:00,33.855,3.8795,398.9,103.95,9.8,182.0
2026-04-23 22:00:00,34.684,3.8606,398.07,102.65,7.81,184.3
2026-04-23 23:00:00,34.902,3.9108,397.26,106.94,7.04,193.6
2026-04-24 00:00:00,40.918,3.8635,404.06,106.17,8.28,171.1
2026-04-24 01:00:00,40.038,3.9047,398.32,105.95,7.41,200.9
2026-04-24 02:00:00,37.722,3.9273,396.7,103.39,7.25,182.7
2026-04-24 03:00:00,38.587,3.8912,400.57,105.96,7.91,171.0
2026-04-24 04:00:00,38.028,3.904,403.12,105.58,8.78,187.7
2026-04-24 05:00:00,39.126,3.8263,403.96,104.67,8.41,186.1
2026-04-24 06:00:00,38.433,3.8658,401.73,101.96,8.79,195.5
2026-04-24 07:00:00,40.748,3.898,399.71,104.3,8.03,188.9
2026-04-24 08:00:00,37.071,3.8435,398.26,103.55,7.03,178.1
2026-04-24 09:00:00,38.034,3.9378,399.41,105.04,8.79,197.8
2026-04-24 10:00:00,37.872,3.8793,394.29,102.95,8.38,178.9
2026-04-24 11:00:00,39.959,3.9732,398.87,105.41,6.84,179.3
2026-04-24 12:00:00,37.93,3.9004,399.43,102.68,9.61,193.0
2026-04-24 13:00:00,38.705,3.9348,400.54,103.65,7.55,173.3
2026-04-24 14:00:00,40.124,3.853,394.9,102.76,6.69,210.4
2026-04-24 15:00:00,38.797,3.9719,404.45,104.87,8.47,182.6
2026-04-24 16:00:00,38.269,3.8692,400.13,102.93,9.03,197.8
2026-04-24 17:00:00,38.243,3.8147,402.1,105.35,7.94,177.1
2026-04-24 18:00:00,38.876,3.9536,394.13,104.87,6.52,190.8
2026-04-24 19:00:00,40.42,3.9047,401.47,103.51,7.99,214.0
2026-04-24 20:00:00,39.934,3.884,398.83,104.03,9.79,192.1
2026-04-24 21:00:00,39.674,3.8814,396.11,106.02,7.94,182.0
2026-04-24 22:00:00,37.555,3.8658,398.14,101.65,8.98,193.9
2026-04-24 23:00:00,39.512,3.8825,401.06,104.26,8.96,198.3
2026-04-25 00:00:00,36.642,3.8669,396.33,102.78,7.48,184.5
2026-04-25 01:00:00,34.877,3.9845,400.82,100.92,7.11,176.4
2026-04-25 02:00:00,36.509,3.9542,396.99,104.94,7.78,201.7
2026-04-25 03:00:00,37.754,3.9158,402.19,104.0,7.7,178.2
2026-04-25 04:00:00,36.606,3.8964,398.83,103.88,7.85,179.5
2026-04-25 05:00:00,35.662,3.958,399.29,106.12,7.06,176.3
2026-04-25 06:00:00,36.386,3.9393,398.0,104.95,8.76,200.9
2026-04-25 07:00:00,36.123,3.8974,394.98,104.03,8.23,204.3
2026-04-25 08:00:00,34.845,3.8571,396.96,105.36,5.95,179.0
2026-04-25 09:00:00,38.515,3.9332,395.96,103.91,8.69,195.6
2026-04-25 10:00:00,36.002,3.8599,402.53,103.99,8.66,194.0
2026-04-25 11:00:00,35.732,3.9729,398.49,104.65,7.49,187.7
2026-04-25 12:00:00,35.971,3.8666,400.72,105.99,9.5,204.5
2026-04-25 13:00:00,36.056,3.9736,401.27,106.72,6.98,205.0
2026-04-25 14:00:00,35.588,3.9584,398.59,105.38,7.77,171.0
2026-04-25 15:00:00,35.184,3.8879,400.07,100.61,7.03,182.6
2026-04-25 16:00:00,36.013,3.9111,397.52,101.71,8.24,186.7
2026-04-25 17:00:00,37.219,3.8735,401.95,102.65,8.22,190.9
2026-04-25 18:00:00,36.738,3.853,399.63,102.72,7.87,196.3
2026-04-25 19:00:00,39.514,3.9018,402.16,104.17,8.91,194.7
2026-04-25 20:00:00,37.39,3.9179,407.25,106.08,6.63,193.0
2026-04-25 21:00:00,36.333,3.7891,397.41,103.31,7.41,191.3
2026-04-25 22:00:00,34.286,3.9377,402.35,104.54,7.74,190.1
2026-04-25 23:00:00,35.741,3.9578,401.54,107.01,7.71,204.6
2026-04-26 00:00:00,41.284,3.8917,396.87,104.8,7.96,196.3
2026-04-26 01:00:00,43.902,3.8975,401.16,105.36,7.96,184.6
2026-04-26 02:00:00,42.468,3.9256,402.37,105.26,7.47,194.5
2026-04-26 03:00:00,43.574,3.877,401.11,103.08,8.14,207.5
2026-04-26 04:00:00,42.236,3.8519,401.06,104.33,8.9,176.3
2026-04-26 05:00:00,40.859,3.8965,395.35,105.72,6.38,181.7
2026-04-26 06:00:00,40.151,3.8675,402.43,104.92,8.75,196.1
2026-04-26 07:00:00,39.449,3.9155,394.47,103.25,7.69,184.6
2026-04-26 08:00:00,42.639,3.8598,405.23,104.91,8.95,197.7
2026-04-26 09:00:00,43.146,3.8983,405.93,102.43,8.38,190.1
2026-04-26 10:00:00,41.736,3.9164,397.77,105.32,8.64,191.1
2026-04-26 11:00:00,42.95,3.8484,394.59,103.14,7.82,215.1
2026-04-26 12:00:00,41.731,3.9521,402.57,107.18,8.1,196.6
2026-04-26 13:00:00,41.775,3.8571,397.01,102.84,9.15,192.9
2026-04-26 14:00:00,41.825,3.9013,398.33,103.96,7.97,196.6
2026-04-26 15:00:00,43.17,3.8185,400.73,106.08,7.19,187.6
2026-04-26 16:00:00,42.233,3.9556,401.82,103.69,8.41,200.5
2026-04-26 17:00:00,42.513,3.9936,401.3,102.44,7.38,188.8
2026-04-26 18:00:00,41.76,3.9316,401.1,106.59,8.66,205.0
2026-04-26 19:00:00,41.06,3.8792,402.09,104.16,8.51,192.6
2026-04-26 20:00:00,41.242,3.9859,403.47,101.69,7.52,190.4
2026-04-26 21:00:00,42.884,3.8971,395.96,105.27,7.85,202.2
2026-04-26 22:00:00,42.41,3.9509,402.56,105.35,7.61,200.5
2026-04-26 23:00:00,42.288,3.8386,398.87,103.52,8.39,197.0
2026-04-27 00:00:00,34.978,3.9372,399.87,102.45,8.68,182.6
2026-04-27 01:00:00,34.896,3.9389,402.76,103.05,8.86,200.2
2026-04-27 02:00:00,35.629,4.0009,399.9,104.37,6.11,196.6
2026-04-27 03:00:00,35.522,3.9233,394.95,105.77,9.18,209.1
2026-04-27 04:00:00,32.996,3.9307,401.12,99.52,7.44,189.5
2026-04-27 05:00:00,37.74,3.86,400.71,103.96,8.32,186.4
2026-04-27 06:00:00,37.17,3.9503,396.03,105.73,7.43,187.6
2026-04-27 07:00:00,37.425,3.9068,401.84,105.24,8.51,185.0
2026-04-27 08:00:00,35.181,3.9361,402.4,104.6,7.88,199.0
2026-04-27 09:00:00,36.187,3.834,400.98,104.83,8.66,181.6
2026-04-27 10:00:00,35.406,3.9191,398.81,103.98,8.79,194.5
2026-04-27 11:00:00,38.199,3.9173,405.29,105.68,10.08,190.8
2026-04-27 12:00:00,36.142,3.9683,398.66,103.41,8.25,194.5
2026-04-27 13:00:00,34.729,3.9164,399.3,104.07,8.2,188.9
2026-04-27 14:00:00,37.411,3.9283,399.69,104.24,8.9,198.7
2026-04-27 15:00:00,37.628,3.8976,400.68,107.14,8.04,207.6
2026-04-27 16:00:00,37.179,3.8835,396.12,105.09,7.52,183.9
2026-04-27 17:00:00,34.408,3.9639,400.61,104.19,8.39,193.4
2026-04-27 18:00:00,36.379,3.9308,399.49,100.31,8.67,195.3
2026-04-27 19:00:00,36.304,3.9841,396.15,99.84,9.27,195.2
2026-04-27 20:00:00,34.509,3.885,402.16,102.35,8.52,212.1
2026-04-27 21:00:00,37.777,3.9037,401.28,102.74,8.19,187.7
2026-04-27 22:00:00,35.208,3.8386,406.06,104.29,7.27,186.9
2026-04-27 23:00:00,37.881,3.9857,398.48,104.45,8.79,187.6
2026-04-28 00:00:00,39.103,3.8568,400.34,103.01,7.05,188.7
2026-04-28 01:00:00,41.638,3.939,399.63,107.0,7.46,190.3
2026-04-28 02:00:00,38.873,3.9437,399.93,101.65,7.42,208.8
2026-04-28 03:00:00,41.383,3.9105,402.88,101.77,7.42,177.8
2026-04-28 04:00:00,39.516,3.886,401.87,105.65,8.86,217.6
2026-04-28 05:00:00,39.916,3.9039,401.8,102.91,7.85,195.0
2026-04-28 06:00:00,39.445,3.9281,403.93,102.48,6.26,191.8
2026-04-28 07:00:00,39.253,3.9132,398.94,104.59,8.97,199.0
2026-04-28 08:00:00,40.071,3.8465,392.87,100.9,7.44,191.8
2026-04-28 09:00:00,39.678,3.8744,395.47,101.66,6.69,196.9
2026-04-28 10:00:00,38.09,3.9367,397.49,104.88,8.23,198.0
2026-04-28 11:00:00,41.877,3.8632,397.22,103.4,7.41,196.9
2026-04-28 12:00:00,40.287,3.9014,401.3,103.32,8.89,171.9
2026-04-28 13:00:00,40.69,3.9255,397.75,102.98,8.73,186.9
2026-04-28 14:00:00,38.086,3.8333,403.02,102.69,9.05,203.7
2026-04-28 15:00:00,40.153,3.9271,397.54,103.4,7.44,195.9
2026-04-28 16:00:00,38.845,3.8934,400.15,104.77,6.31,172.2
2026-04-28 17:00:00,39.327,3.8887,400.4,104.28,9.6,196.4
2026-04-28 18:00:00,41.091,3.8753,402.31,105.02,8.53,188.8
2026-04-28 19:00:00,41.13,3.9753,397.59,100.76,8.64,197.2
2026-04-28 20:00:00,40.098,3.8773,408.18,103.29,7.02,185.1
2026-04-28 21:00:00,40.979,3.8689,398.8,104.43,7.65,191.1
2026-04-28 22:00:00,40.322,3.8464,400.17,102.25,8.73,180.6
2026-04-28 23:00:00,40.084,3.8089,398.62,102.11,9.17,188.6
2026-04-29 00:00:00,36.994,3.8123,396.25,103.72,6.91,201.1
2026-04-29 01:00:00,35.988,3.9064,400.84,103.74,8.6,183.1
2026-04-29 02:00:00,36.819,3.9582,400.56,104.15,7.72,190.3
2026-04-29 03:00:00,37.152,3.8867,394.94,104.21,7.86,194.4
2026-04-29 04:00:00,36.464,3.9765,396.36,102.53,8.5,179.6
2026-04-29 05:00:00,36.771,3.8979,394.11,104.95,9.06,191.8
2026-04-29 06:00:00,34.91,3.9374,396.84,103.78,8.3,182.1
2026-04-29 07:00:00,34.596,3.8916,399.79,102.7,7.36,197.0
2026-04-29 08:00:00,36.318,3.8755,398.15,104.2,8.05,188.0
2026-04-29 09:00:00,34.924,3.8802,398.06,104.05,8.88,199.0
2026-04-29 10:00:00,37.098,3.9038,398.95,104.44,7.6,186.3
2026-04-29 11:00:00,35.513,3.8957,399.67,106.64,8.4,186.0
2026-04-29 12:00:00,37.236,3.8753,402.85,105.08,10.23,179.1
2026-04-29 13:00:00,36.332,3.8927,400.76,104.99,7.21,182.6
2026-04-29 14:00:00,36.731,3.9453,396.63,101.69,8.86,197.8
2026-04-29 15:00:00,37.561,3.8512,399.32,104.28,8.31,188.5
2026-04-29 16:00:00,36.357,3.9472,398.64,103.15,7.64,184.7
2026-04-29 17:00:00,36.549,3.8882,398.63,106.01,8.21,186.4
2026-04-29 18:00:00,37.742,3.8718,399.89,103.81,7.53,186.0
2026-04-29 19:00:00,36.498,3.8294,398.77,104.31,8.18,192.5
2026-04-29 20:00:00,38.866,3.9302,399.48,103.77,7.97,193.8
2026-04-29 21:00:00,36.099,3.9704,396.73,104.85,8.36,178.7
2026-04-29 22:00:00,37.066,3.9248,398.06,107.26,8.51,186.5
2026-04-29 23:00:00,35.91,3.8628,400.63,104.03,6.9,179.7
2026-04-30 00:00:00,38.161,3.879,398.86,102.99,8.46,198.7
2026-04-30 01:00:00,39.04,3.7937,399.44,104.74,7.91,192.2
2026-04-30 02:00:00,39.071,3.8272,392.67,104.83,7.57,193.6
2026-04-30 03:00:00,38.617,3.89,403.79,102.24,7.96,179.2
2026-04-30 04:00:00,39.034,3.9207,401.74,104.16,6.92,191.9
2026-04-30 05:00:00,39.947,3.9453,405.99,104.74,7.2,184.7
2026-04-30 06:00:00,39.05,3.9478,396.63,105.24,8.46,181.4
2026-04-30 07:00:00,39.63,3.8618,399.87,103.51,8.15,178.4
2026-04-30 08:00:00,39.539,3.795,398.73,103.14,9.17,194.7
2026-04-30 09:00:00,38.414,3.8557,399.98,103.05,9.67,163.3
2026-04-30 10:00:00,39.028,3.7815,402.84,102.8,9.19,184.4
2026-04-30 11:00:00,40.157,3.9077,403.25,103.98,5.71,182.7
2026-04-30 12:00:00,37.226,3.943,401.42,103.95,8.31,191.5
2026-04-30 13:00:00,38.321,3.9909,400.57,103.67,6.86,183.7
2026-04-30 14:00:00,38.969,3.8897,398.53,103.87,7.12,189.7
2026-04-30 15:00:00,37.238,3.8573,397.78,105.18,8.34,190.3
2026-04-30 16:00:00,37.678,3.8792,402.17,105.73,6.85,185.5
2026-04-30 17:00:00,39.077,3.9148,399.91,104.9,6.87,204.4
2026-04-30 18:00:00,37.686,3.901,401.39,105.61,8.66,198.0
2026-04-30 19:00:00,40.383,3.8912,402.04,106.15,7.4,176.4
2026-04-30 20:00:00,37.847,3.9658,403.46,103.45,8.16,194.2
2026-04-30 21:00:00,40.138,3.8091,398.33,103.59,8.22,190.5
2026-04-30 22:00:00,38.618,3.9126,392.58,108.36,8.61,198.2
2026-04-30 23:00:00,38.241,3.9187,405.82,106.57,8.04,178.0
2026-05-01 00:00:00,35.775,3.8847,402.38,102.14,7.84,192.4
2026-05-01 01:00:00,35.134,3.9495,396.69,102.2,7.72,197.8
2026-05-01 02:00:00,35.302,3.8708,402.26,104.3,7.58,191.0
2026-05-01 03:00:00,35.368,3.9283,400.36,102.83,7.62,185.9
2026-05-01 04:00:00,35.991,3.9171,397.56,103.7,8.22,200.3
2026-05-01 05:00:00,35.868,3.9925,400.02,105.03,7.74,180.3
2026-05-01 06:00:00,35.72,3.9222,400.88,104.18,7.73,182.0
2026-05-01 07:00:00,35.303,3.9215,402.69,99.25,8.45,200.2
2026-05-01 08:00:00,36.904,3.9174,401.87,103.33,7.92,194.9
2026-05-01 09:00:00,34.489,3.8612,400.51,102.06,8.03,175.6
2026-05-01 10:00:00,35.81,3.9004,398.33,102.62,7.6,168.3
2026-05-01 11:00:00,35.204,3.9047,403.41,103.24,7.85,203.1
2026-05-01 12:00:00,37.389,3.8757,402.96,105.66,8.38,180.4
2026-05-01 13:00:00,34.645,3.9267,406.65,103.71,9.19,208.0
2026-05-01 14:00:00,34.33,3.8703,404.29,105.38,8.41,189.7
2026-05-01 15:00:00,36.256,3.8688,407.15,102.31,6.61,191.2
2026-05-01 16:00:00,37.092,3.8755,399.79,102.5,7.93,180.1
2026-05-01 17:00:00,34.581,3.8284,398.36,106.65,7.94,191.7
2026-05-01 18:00:00,37.904,3.8686,397.07,104.72,7.04,193.0
2026-05-01 19:00:00,36.797,3.8472,398.44,106.42,7.17,183.3
2026-05-01 20:00:00,35.854,3.8838,397.48,106.28,7.54,193.0
2026-05-01 21:00:00,35.187,3.888,395.98,105.31,7.65,202.1
2026-05-01 22:00:00,34.413,3.8758,401.32,104.13,7.48,188.5
2026-05-01 23:00:00,34.276,3.9017,392.29,104.22,9.03,198.4
2026-05-02 00:00:00,37.203,3.8788,401.36,103.39,7.91,188.8
2026-05-02 01:00:00,32.779,3.9435,401.26,105.19,7.25,196.5
2026-05-02 02:00:00,36.815,3.7915,394.85,104.05,7.47,189.6
2026-05-02 03:00:00,35.639,3.971,394.45,102.0,7.23,176.7
2026-05-02 04:00:00,35.703,3.8975,396.07,104.5,9.0,200.3
2026-05-02 05:00:00,38.417,3.9537,399.86,106.55,8.53,207.9
2026-05-02 06:00:00,36.112,3.798,396.58,104.24,8.41,187.9
2026-05-02 07:00:00,37.368,3.844,397.93,105.41,8.03,190.8
2026-05-02 08:00:00,37.798,3.9523,397.68,104.28,6.68,189.8
2026-05-02 09:00:00,36.734,3.8162,404.49,106.88,8.38,198.9
2026-05-02 10:00:00,37.902,3.8915,403.0,104.55,6.82,181.3
2026-05-02 11:00:00,35.735,3.9515,400.28,105.42,7.64,177.7
2026-05-02 12:00:00,38.499,4.0312,401.11,103.72,8.92,179.3
2026-05-02 13:00:00,36.114,3.831,401.4,104.36,7.69,183.8
2026-05-02 14:00:00,34.74,3.8603,403.56,103.49,8.97,181.7
2026-05-02 15:00:00,36.249,3.878,399.25,105.12,6.42,197.2
2026-05-02 16:00:00,37.063,3.9002,400.23,103.68,8.53,190.6
2026-05-02 17:00:00,35.445,3.9074,402.76,104.54,8.02,192.0
2026-05-02 18:00:00,35.815,3.878,394.57,103.74,8.76,186.3
2026-05-02 19:00:00,35.385,3.9432,400.48,104.21,8.36,196.7
2026-05-02 20:00:00,36.29,3.8602,405.02,104.09,7.41,191.8
2026-05-02 21:00:00,37.58,3.8323,403.77,103.81,9.53,196.4
2026-05-02 22:00:00,36.225,3.9602,403.67,103.5,8.18,185.1
2026-05-02 23:00:00,37.293,3.8329,399.5,100.95,8.45,168.7
2026-05-03 00:00:00,37.446,3.9128,399.0,103.37,7.26,185.6
2026-05-03 01:00:00,36.678,3.9156,402.32,105.1,7.97,201.7
2026-05-03 02:00:00,39.129,3.9459,401.14,104.05,7.42,164.9
2026-05-03 03:00:00,39.329,3.8947,405.7,101.17,8.65,181.0
2026-05-03 04:00:00,38.613,3.858,401.01,103.96,8.67,191.4
2026-05-03 05:00:00,39.145,3.961,401.5,103.82,8.95,189.0
2026-05-03 06:00:00,39.069,3.885,398.12,99.72,8.53,179.1
2026-05-03 07:00:00,39.429,3.9862,396.26,105.26,7.93,194.4
2026-05-03 08:00:00,37.302,3.9018,400.47,106.05,9.64,193.1
2026-05-03 09:00:00,38.22,4.0059,399.72,103.93,8.08,194.5
2026-05-03 10:00:00,39.406,3.8732,399.72,106.7,9.23,194.4
2026-05-03 11:00:00,38.927,3.8897,402.96,103.28,8.1,185.8
2026-05-03 12:00:00,37.941,3.9025,400.06,103.2,7.96,190.8
2026-05-03 13:00:00,38.113,3.8696,399.65,105.02,8.85,191.9
2026-05-03 14:00:00,38.333,3.8994,405.5,105.33,7.29,189.7
2026-05-03 15:00:00,38.048,3.8835,395.25,104.06,6.98,184.6
2026-05-03 16:00:00,40.302,3.9483,397.57,102.55,7.32,172.2
2026-05-03 17:00:00,37.551,3.888,397.06,105.1,7.97,185.1
2026-05-03 18:00:00,40.561,3.9346,400.25,106.66,9.01,183.5
2026-05-03 19:00:00,38.99,3.8801,395.95,106.74,9.16,178.1
2026-05-03 20:00:00,39.176,3.8227,403.13,103.95,7.79,202.2
2026-05-03 21:00:00,38.644,3.8886,402.67,103.59,8.68,190.2
2026-05-03 22:00:00,39.548,3.9309,402.32,102.59,9.45,188.6
2026-05-03 23:00:00,40.585,3.8724,399.27,103.65,8.9,186.1
2026-05-04 00:00:00,35.875,3.8259,398.68,104.35,7.93,172.2
2026-05-04 01:00:00,35.962,3.8546,405.64,103.75,9.75,196.6
2026-05-04 02:00:00,35.922,3.8779,399.72,104.68,6.52,199.8
2026-05-04 03:00:00,34.255,3.8885,392.16,104.69,8.59,192.9
2026-05-04 04:00:00,35.781,3.883,400.5,105.78,7.69,195.0
2026-05-04 05:00:00,36.196,3.8896,400.74,104.34,7.63,213.7
2026-05-04 06:00:00,35.006,3.9835,403.15,101.08,8.21,200.1
2026-05-04 07:00:00,36.288,3.8572,400.81,102.29,7.21,187.9
2026-05-04 08:00:00,35.644,3.9786,401.09,105.56,7.08,179.0
2026-05-04 09:00:00,34.95,3.9857,396.16,101.73,7.95,201.7
2026-05-04 10:00:00,33.769,3.8886,396.1,106.13,8.55,192.8
2026-05-04 11:00:00,35.398,3.8893,400.45,103.08,7.33,179.4
2026-05-04 12:00:00,35.459,3.8621,402.59,100.96,8.45,195.3
2026-05-04 13:00:00,36.702,3.8884,395.66,102.67,8.89,187.2
2026-05-04 14:00:00,35.018,3.8722,399.85,103.69,6.8,184.3
2026-05-04 15:00:00,36.485,3.971,399.68,103.26,9.06,188.4
2026-05-04 16:00:00,34.225,3.8944,402.06,106.29,7.63,195.4
2026-05-04 17:00:00,35.1,3.956,400.78,104.4,7.24,187.0
2026-05-04 18:00:00,35.106,3.7253,402.53,104.0,7.85,186.6
2026-05-04 19:00:00,35.467,3.9122,396.21,104.2,8.1,190.4
2026-05-04 20:00:00,33.904,3.8936,396.28,104.52,9.03,198.6
2026-05-04 21:00:00,35.089,3.8741,398.37,104.52,7.49,184.9
2026-05-04 22:00:00,32.847,3.859,397.74,103.22,8.95,176.9
2026-05-04 23:00:00,34.064,3.9296,397.16,103.77,8.14,190.2
2026-05-05 00:00:00,35.494,3.945,404.39,102.55,7.79,199.2
2026-05-05 01:00:00,36.097,3.8516,398.76,105.22,7.23,192.5
2026-05-05 02:00:00,36.721,3.8686,401.67,104.98,8.78,199.1
2026-05-05 03:00:00,34.738,3.9438,401.72,105.43,7.34,198.8
2026-05-05 04:00:00,36.71,3.844,403.73,102.87,7.22,193.9
2026-05-05 05:00:00,35.678,3.9179,399.31,104.42,8.64,189.8
2026-05-05 06:00:00,37.237,3.9415,397.59,105.26,8.49,191.4
2026-05-05 07:00:00,37.501,3.9808,402.24,101.88,8.35,188.8
2026-05-05 08:00:00,36.037,3.9172,399.08,106.39,8.22,190.3
2026-05-05 09:00:00,37.151,3.9394,403.48,104.94,7.98,191.5
2026-05-05 10:00:00,34.045,3.8296,403.06,103.55,9.42,207.6
2026-05-05 11:00:00,35.004,3.9158,408.44,102.88,8.32,187.9
2026-05-05 12:00:00,36.072,3.8873,400.0,105.13,7.39,195.1
2026-05-05 13:00:00,35.582,3.9262,400.97,102.89,8.12,183.0
2026-05-05 14:00:00,35.435,3.9575,394.75,104.84,8.56,184.4
2026-05-05 15:00:00,37.478,3.9449,396.28,104.79,8.38,183.0
2026-05-05 16:00:00,36.937,3.9372,397.95,101.13,8.33,183.0
2026-05-05 17:00:00,34.512,3.8822,393.12,103.53,9.18,162.5
2026-05-05 18:00:00,36.813,3.856,398.85,102.7,8.51,190.1
2026-05-05 19:00:00,35.502,3.8373,398.81,105.7,7.07,194.2
2026-05-05 20:00:00,36.687,3.8037,403.27,103.97,9.75,207.1
2026-05-05 21:00:00,36.064,3.8933,397.11,102.02,8.63,187.7
2026-05-05 22:00:00,35.901,3.8925,402.04,105.4,8.01,188.3
2026-05-05 23:00:00,36.439,4.0019,393.97,102.33,8.39,191.6
2026-05-06 00:00:00,39.697,3.965,405.86,102.86,8.5,187.9
2026-05-06 01:00:00,39.41,3.9101,402.66,102.94,8.15,185.2
2026-05-06 02:00:00,38.027,3.8789,397.04,105.67,8.25,200.9
2026-05-06 03:00:00,37.203,3.8055,398.17,103.81,8.64,200.6
2026-05-06 04:00:00,39.697,3.9766,402.22,104.2,7.42,197.0
2026-05-06 05:00:00,37.76,3.8618,401.8,104.36,8.69,183.2
2026-05-06 06:00:00,39.644,3.9189,399.58,102.92,7.17,176.9
2026-05-06 07:00:00,39.904,3.8317,401.93,103.67,7.57,185.6
2026-05-06 08:00:00,38.216,3.9457,401.74,104.04,6.94,172.8
2026-05-06 09:00:00,40.43,3.8518,395.46,105.69,6.84,197.5
2026-05-06 10:00:00,39.375,3.9134,402.91,101.99,7.06,188.3
2026-05-06 11:00:00,38.32,3.8971,401.44,102.95,6.35,194.2
2026-05-06 12:00:00,38.066,3.9411,406.19,104.15,8.47,181.4
2026-05-06 13:00:00,39.346,3.9178,400.8,105.38,7.13,195.8
2026-05-06 14:00:00,38.837,3.9791,394.75,103.9,9.74,186.2
2026-05-06 15:00:00,37.827,3.9886,407.45,104.2,7.46,184.4
2026-05-06 16:00:00,37.874,3.8596,397.68,104.29,8.05,194.9
2026-05-06 17:00:00,38.349,3.8416,402.24,104.39,7.56,187.5
2026-05-06 18:00:00,38.681,3.9048,399.68,105.16,8.85,187.1
2026-05-06 19:00:00,38.295,3.8466,399.56,104.73,8.69,191.8
2026-05-06 20:00:00,38.219,3.8658,400.69,102.42,8.12,190.4
2026-05-06 21:00:00,37.296,3.917,399.43,104.91,7.64,194.9
2026-05-06 22:00:00,40.077,3.9097,402.38,103.08,7.74,171.7
2026-05-06 23:00:00,38.146,3.8455,400.39,100.99,7.34,191.0
2026-05-07 00:00:00,39.909,3.8197,398.83,107.79,8.63,191.7
2026-05-07 01:00:00,36.261,3.8557,401.58,104.37,8.37,199.5
2026-05-07 02:00:00,39.567,3.9425,394.78,107.7,7.78,183.8
2026-05-07 03:00:00,41.192,3.9303,402.9,103.11,8.23,197.1
2026-05-07 04:00:00,38.134,3.89,399.32,103.59,7.46,177.8
2026-05-07 05:00:00,39.949,3.9125,403.43,103.92,7.48,175.9
2026-05-07 06:00:00,39.548,3.8854,405.95,107.38,9.24,181.3
2026-05-07 07:00:00,37.832,3.889,397.41,106.1,8.1,186.1
2026-05-07 08:00:00,39.431,3.962,397.26,104.73,6.97,188.1
2026-05-07 09:00:00,38.682,3.9159,400.48,105.77,8.54,184.2
2026-05-07 10:00:00,37.914,3.8606,398.77,103.68,7.41,200.7
2026-05-07 11:00:00,40.526,3.8871,398.57,103.66,7.97,189.9
2026-05-07 12:00:00,37.571,3.8793,394.52,104.06,8.53,179.7
2026-05-07 13:00:00,39.634,3.8703,397.98,106.89,8.7,194.8
2026-05-07 14:00:00,38.94,3.9204,399.45,104.68,7.3,189.4
2026-05-07 15:00:00,38.985,3.8311,404.98,105.21,7.39,175.7
2026-05-07 16:00:00,38.601,3.8592,398.23,101.79,7.35,190.7
2026-05-07 17:00:00,39.918,3.8032,400.01,102.55,7.19,186.9
2026-05-07 18:00:00,38.644,3.9344,402.07,103.56,7.5,207.6
2026-05-07 19:00:00,41.607,3.9191,399.56,105.49,9.14,184.9
2026-05-07 20:00:00,41.538,3.8924,403.23,103.24,8.06,185.6
2026-05-07 21:00:00,39.47,3.9502,397.36,103.56,8.43,185.4
2026-05-07 22:00:00,41.81,3.828,407.51,103.03,8.77,206.0
2026-05-07 23:00:00,40.06,3.8306,399.02,104.11,8.45,199.7
2026-05-08 00:00:00,38.326,3.9729,397.19,105.47,6.62,191.5
2026-05-08 01:00:00,35.912,3.812,402.73,103.96,8.79,174.3
2026-05-08 02:00:00,35.747,3.8952,398.03,104.11,7.51,186.7
2026-05-08 03:00:00,35.828,3.9637,399.06,102.25,8.54,194.8
2026-05-08 04:00:00,37.328,3.9111,398.83,103.81,6.24,174.6
2026-05-08 05:00:00,35.731,3.9143,403.64,103.76,7.79,201.2
2026-05-08 06:00:00,36.687,3.9326,401.29,102.03,8.25,192.1
2026-05-08 07:00:00,35.819,3.8487,396.21,106.05,9.68,197.0
2026-05-08 08:00:00,38.823,3.8331,404.2,106.94,9.29,180.7
2026-05-08 09:00:00,38.29,3.8944,403.22,103.05,8.01,184.3
2026-05-08 10:00:00,37.616,3.8951,403.33,105.23,8.33,189.7
2026-05-08 11:00:00,36.755,3.9004,402.25,104.2,8.23,189.7
2026-05-08 12:00:00,37.006,3.867,394.4,104.86,8.45,180.4
2026-05-08 13:00:00,39.209,3.842,402.99,104.38,8.25,201.4
2026-05-08 14:00:00,38.112,3.9014,396.85,102.18,8.15,205.8
2026-05-08 15:00:00,38.066,3.8986,401.0,105.03,9.37,182.5
2026-05-08 16:00:00,37.896,3.9141,397.74,102.49,9.02,193.3
2026-05-08 17:00:00,36.859,3.9052,402.95,104.15,9.28,187.5
2026-05-08 18:00:00,36.222,3.8946,397.21,103.49,8.98,207.1
2026-05-08 19:00:00,37.794,3.9101,397.29,102.51,8.3,191.7
2026-05-08 20:00:00,36.449,3.878,404.68,105.49,8.05,192.3
2026-05-08 21:00:00,38.511,3.9183,400.73,101.65,6.66,171.0
2026-05-08 22:00:00,34.59,3.8996,401.0,102.7,8.36,194.5
2026-05-08 23:00:00,37.006,3.8267,404.34,106.07,7.54,209.4
2026-05-09 00:00:00,35.966,3.8611,398.79,101.23,7.72,174.1
2026-05-09 01:00:00,37.135,3.9162,395.85,104.87,6.63,191.6
2026-05-09 02:00:00,36.431,3.9036,396.64,103.84,7.86,190.6
2026-05-09 03:00:00,37.516,3.9848,404.75,103.06,7.41,190.3
2026-05-09 04:00:00,36.384,3.7973,398.17,106.69,7.01,182.7
2026-05-09 05:00:00,35.153,3.9246,399.82,103.52,6.79,196.1
2026-05-09 06:00:00,35.916,3.8668,400.08,105.19,6.82,174.5
2026-05-09 07:00:00,34.812,3.8564,390.85,103.1,8.89,186.7
2026-05-09 08:00:00,37.008,3.7562,399.66,106.08,9.26,185.0
2026-05-09 09:00:00,35.022,3.9193,396.35,103.45,6.66,190.8
2026-05-09 10:00:00,35.917,3.9815,401.08,103.01,7.93,177.1
2026-05-09 11:00:00,35.948,3.8893,401.27,105.4,6.4,193.3
2026-05-09 12:00:00,36.707,3.84,405.71,102.92,9.97,197.9
2026-05-09 13:00:00,36.955,3.9135,403.03,102.44,7.35,170.3
2026-05-09 14:00:00,36.497,3.8644,402.26,104.9,6.93,197.0
2026-05-09 15:00:00,36.191,3.9101,401.38,103.96,8.01,200.6
2026-05-09 16:00:00,34.836,3.8397,397.71,105.56,7.74,209.2
2026-05-09 17:00:00,32.582,3.8642,398.66,104.41,9.07,188.1
2026-05-09 18:00:00,34.813,3.942,404.66,100.16,8.46,193.0
2026-05-09 19:00:00,35.011,3.8761,400.87,104.04,7.8,178.3
2026-05-09 20:00:00,36.219,3.8667,400.26,103.12,8.16,197.5
2026-05-09 21:00:00,36.164,3.9329,395.83,104.7,8.23,183.7
2026-05-09 22:00:00,35.732,3.7597,400.23,103.38,6.18,195.0
2026-05-09 23:00:00,35.219,3.9138,399.27,104.72,8.07,187.1
2026-05-10 00:00:00,33.764,3.9415,393.18,104.03,7.52,178.9
2026-05-10 01:00:00,34.574,3.9479,396.88,102.31,8.65,183.7
2026-05-10 02:00:00,32.942,3.801,399.58,105.7,7.63,188.8
2026-05-10 03:00:00,35.012,3.9436,404.26,104.94,8.96,173.3
2026-05-10 04:00:00,32.448,3.8169,406.65,104.26,7.89,182.4
2026-05-10 05:00:00,32.254,3.7594,406.71,103.86,8.04,175.9
2026-05-10 06:00:00,33.206,3.9185,399.73,104.92,7.32,193.2
2026-05-10 07:00:00,34.159,3.9277,401.12,103.83,7.2,195.5
2026-05-10 08:00:00,32.875,3.8523,402.27,101.57,7.55,197.7
2026-05-10 09:00:00,34.212,3.8809,400.17,104.8,7.94,182.2
2026-05-10 10:00:00,33.7,3.9078,400.29,105.66,8.24,185.3
2026-05-10 11:00:00,33.428,3.9967,397.82,103.59,7.35,193.5
2026-05-10 12:00:00,32.007,3.9219,402.26,102.83,7.31,175.0
2026-05-10 13:00:00,33.309,3.8436,398.1,103.36,7.44,198.3
2026-05-10 14:00:00,34.86,3.7931,397.54,104.36,7.15,184.6
2026-05-10 15:00:00,33.476,3.9692,403.5,103.55,8.1,186.3
2026-05-10 16:00:00,33.093,3.8409,394.67,103.44,8.78,197.6
2026-05-10 17:00:00,31.406,3.89,398.1,104.42,7.12,199.1
2026-05-10 18:00:00,33.063,3.9285,402.61,101.08,7.82,205.1
2026-05-10 19:00:00,33.289,3.9519,401.25,103.25,8.22,200.5
2026-05-10 20:00:00,34.556,3.9721,396.67,105.24,6.9,188.7
2026-05-10 21:00:00,33.062,3.9311,400.93,105.87,7.51,198.4
2026-05-10 22:00:00,33.66,3.8999,396.39,104.85,8.25,197.8
2026-05-10 23:00:00,33.232,3.887,401.16,104.69,8.55,208.9
2026-05-11 00:00:00,31.974,3.9999,391.12,105.43,7.34,210.0
2026-05-11 01:00:00,31.71,3.9528,397.03,102.3,8.64,198.6
2026-05-11 02:00:00,31.894,4.0198,399.03,106.33,7.19,180.4
2026-05-11 03:00:00,32.665,3.8493,401.36,100.78,8.14,184.4
2026-05-11 04:00:00,31.641,3.9104,399.33,103.32,8.64,192.9
2026-05-11 05:00:00,32.948,3.9661,399.77,105.25,7.66,196.0
2026-05-11 06:00:00,33.091,3.8726,395.46,102.08,7.25,195.5
2026-05-11 07:00:00,32.447,3.885,401.42,105.09,9.11,184.0
2026-05-11 08:00:00,33.113,3.9351,397.15,104.18,7.27,187.7
2026-05-11 09:00:00,32.987,3.8152,397.39,102.79,8.07,182.6
2026-05-11 10:00:00,32.941,3.8572,398.45,104.9,8.25,191.5
2026-05-11 11:00:00,32.541,3.9498,404.09,103.44,7.42,179.6
2026-05-11 12:00:00,34.263,3.8554,396.05,104.4,8.83,177.7
2026-05-11 13:00:00,32.457,3.8285,397.92,106.42,8.13,187.4
2026-05-11 14:00:00,32.647,3.9139,399.69,102.23,7.06,210.0
2026-05-11 15:00:00,31.836,3.9594,397.85,105.94,8.55,187.9
2026-05-11 16:00:00,34.531,3.8535,399.3,102.72,7.38,186.4
2026-05-11 17:00:00,31.649,3.8837,404.7,101.41,7.0,180.5
2026-05-11 18:00:00,32.126,3.9501,402.14,104.71,8.16,213.8
2026-05-11 19:00:00,31.484,3.8427,399.92,104.3,7.81,181.6
2026-05-11 20:00:00,31.308,3.8862,397.89,103.28,7.14,203.3
2026-05-11 21:00:00,33.017,3.992,398.46,104.09,7.8,190.2
2026-05-11 22:00:00,32.33,3.8918,394.12,103.59,8.55,170.6
2026-05-11 23:00:00,32.241,3.9284,403.77,103.87,8.36,207.4
2026-05-12 00:00:00,34.588,3.8775,398.2,105.52,8.18,184.6
2026-05-12 01:00:00,33.072,3.9157,399.4,103.62,7.81,175.2
2026-05-12 02:00:00,35.023,3.9606,404.51,103.8,8.1,195.7
2026-05-12 03:00:00,34.115,3.8092,401.05,102.51,7.94,183.4
2026-05-12 04:00:00,34.991,3.9267,399.92,106.07,7.94,182.8
2026-05-12 05:00:00,33.117,3.8818,400.14,105.25,7.91,189.3
2026-05-12 06:00:00,34.305,3.9143,402.82,104.2,6.97,178.9
2026-05-12 07:00:00,31.657,3.9564,401.23,103.29,7.21,193.6
2026-05-12 08:00:00,33.17,3.9158,397.49,102.35,9.25,180.6
2026-05-12 09:00:00,33.279,3.9663,394.55,105.04,8.05,188.6
2026-05-12 10:00:00,33.569,3.8412,393.39,106.81,7.77,198.8
2026-05-12 11:00:00,34.398,3.9143,401.36,105.06,9.25,194.9
2026-05-12 12:00:00,34.55,3.8856,398.74,104.13,8.32,195.3
2026-05-12 13:00:00,35.228,3.9416,400.19,106.95,8.26,193.6
2026-05-12 14:00:00,33.79,3.8836,396.77,104.2,7.76,181.5
2026-05-12 15:00:00,33.422,3.8903,398.25,101.37,7.87,207.4
2026-05-12 16:00:00,34.182,3.9536,399.94,105.57,7.47,185.5
2026-05-12 17:00:00,33.817,3.8296,400.18,104.45,9.34,183.1
2026-05-12 18:00:00,33.72,3.8679,398.39,100.0,7.26,201.4
2026-05-12 19:00:00,33.817,3.9079,407.32,104.81,7.02,188.0
2026-05-12 20:00:00,33.248,3.9796,397.34,104.63,8.78,182.0
2026-05-12 21:00:00,33.393,3.8008,400.31,100.74,7.7,207.1
2026-05-12 22:00:00,33.711,3.9027,400.46,107.21,8.44,200.3
2026-05-12 23:00:00,32.876,3.8788,396.92,103.75,7.45,199.8
2026-05-13 00:00:00,37.599,3.8944,398.4,99.72,7.54,193.1
2026-05-13 01:00:00,37.619,3.7478,392.89,104.24,7.19,187.9
2026-05-13 02:00:00,36.379,3.9293,394.51,103.16,8.75,192.1
2026-05-13 03:00:00,35.99,3.9227,400.86,102.69,8.55,196.7
2026-05-13 04:00:00,36.752,3.9468,396.54,105.14,7.85,180.8
2026-05-13 05:00:00,36.245,3.958,398.37,103.49,7.49,182.2
2026-05-13 06:00:00,37.949,4.0097,403.99,104.76,8.6,186.6
2026-05-13 07:00:00,36.355,3.8423,404.29,103.51,7.44,183.8
2026-05-13 08:00:00,37.106,3.8732,400.07,104.26,9.06,177.8
2026-05-13 09:00:00,37.222,3.866,398.75,106.41,8.5,186.2
2026-05-13 10:00:00,37.436,3.8994,403.31,103.29,8.39,188.0
2026-05-13 11:00:00,36.911,3.8929,398.19,104.17,8.78,184.1
2026-05-13 12:00:00,36.477,3.9186,397.79,105.3,8.57,167.4
2026-05-13 13:00:00,36.185,3.8471,402.48,105.4,7.06,183.3
2026-05-13 14:00:00,36.813,3.8822,402.16,105.46,8.47,200.9
2026-05-13 15:00:00,37.924,3.897,398.74,102.92,8.65,198.9
2026-05-13 16:00:00,38.012,3.8844,398.88,104.41,9.0,193.6
2026-05-13 17:00:00,37.149,3.8599,401.35,104.81,7.26,207.4
2026-05-13 18:00:00,35.902,3.9464,399.44,104.26,7.39,184.6
2026-05-13 19:00:00,37.67,3.8911,399.03,105.33,8.57,191.8
2026-05-13 20:00:00,37.159,3.9855,399.55,104.6,8.35,176.4
2026-05-13 21:00:00,34.799,3.907,402.61,104.32,7.59,183.7
2026-05-13 22:00:00,37.792,3.8861,395.29,105.03,8.2,193.9
2026-05-13 23:00:00,38.041,3.9659,401.7,103.76,6.34,193.1
2026-05-14 00:00:00,39.072,3.9656,403.81,104.72,9.09,189.4
2026-05-14 01:00:00,39.194,3.859,399.12,104.33,8.84,182.9
2026-05-14 02:00:00,40.173,4.0159,396.07,103.64,8.03,200.0
2026-05-14 03:00:00,41.547,3.9614,399.93,102.76,7.97,189.8
2026-05-14 04:00:00,39.526,3.8567,404.54,102.95,8.55,192.2
2026-05-14 05:00:00,37.974,3.9039,400.1,103.74,8.65,185.4
2026-05-14 06:00:00,42.195,3.9562,397.33,100.34,9.0,192.6
2026-05-14 07:00:00,39.336,3.8524,395.77,101.26,10.03,205.9
2026-05-14 08:00:00,38.599,3.9931,394.54,105.05,8.56,181.6
2026-05-14 09:00:00,38.709,3.8489,400.15,105.96,8.79,194.2
2026-05-14 10:00:00,40.538,3.812,406.02,103.93,6.96,186.3
2026-05-14 11:00:00,38.478,3.9049,400.95,100.54,9.0,207.2
2026-05-14 12:00:00,38.026,3.9734,403.76,105.52,9.3,176.3
2026-05-14 13:00:00,40.081,3.85,407.07,102.56,7.03,201.2
2026-05-14 14:00:00,39.96,3.9016,400.42,104.92,9.38,182.9
2026-05-14 15:00:00,38.576,3.8714,399.79,104.02,6.98,193.0
2026-05-14 16:00:00,37.749,3.8846,399.26,103.64,9.18,206.4
2026-05-14 17:00:00,40.496,3.9791,399.15,106.11,7.96,192.3
2026-05-14 18:00:00,39.551,3.8334,398.18,103.76,8.29,188.8
2026-05-14 19:00:00,38.229,3.8423,400.03,102.23,7.06,189.0
2026-05-14 20:00:00,39.439,3.8586,394.67,104.43,8.65,185.9
2026-05-14 21:00:00,38.788,3.7839,402.71,102.36,8.58,184.1
2026-05-14 22:00:00,39.062,3.8906,394.61,108.12,6.75,191.1
2026-05-14 23:00:00,38.273,3.8882,404.13,101.21,7.89,194.9
2026-05-15 00:00:00,40.892,3.9198,397.75,101.54,6.95,185.9
2026-05-15 01:00:00,41.652,3.904,404.81,104.15,8.15,192.0
2026-05-15 02:00:00,38.628,3.9288,396.67,103.43,9.87,177.6
2026-05-15 03:00:00,40.89,3.9146,400.39,104.01,7.55,209.9
2026-05-15 04:00:00,38.292,3.8487,404.45,104.82,7.39,181.0
2026-05-15 05:00:00,40.44,4.032,401.48,102.45,8.19,183.7
2026-05-15 06:00:00,42.576,3.9147,403.78,104.24,9.63,194.1
2026-05-15 07:00:00,41.088,3.849,398.74,104.59,7.6,214.9
2026-05-15 08:00:00,40.731,3.8619,402.96,103.21,8.33,189.1
2026-05-15 09:00:00,39.864,3.9694,400.27,105.63,7.73,175.7
2026-05-15 10:00:00,39.225,3.8741,399.45,104.08,8.41,177.6
2026-05-15 11:00:00,41.025,3.8391,397.95,107.85,9.02,186.4
2026-05-15 12:00:00,42.936,3.971,402.67,106.2,7.8,188.8
2026-05-15 13:00:00,39.694,3.9292,396.24,103.24,8.37,185.0
2026-05-15 14:00:00,41.169,3.9912,397.05,106.11,7.45,180.7
2026-05-15 15:00:00,41.02,3.9514,397.86,102.91,7.65,182.8
2026-05-15 16:00:00,40.975,3.8644,399.24,104.53,7.67,201.5
2026-05-15 17:00:00,39.918,3.8614,406.11,106.26,8.06,198.3
2026-05-15 18:00:00,41.161,3.8745,402.03,104.46,9.03,171.6
2026-05-15 19:00:00,41.731,3.9083,397.94,103.36,7.68,176.8
2026-05-15 20:00:00,40.043,3.9391,395.45,103.44,6.11,184.2
2026-05-15 21:00:00,41.223,3.8975,400.13,102.32,8.46,181.0
2026-05-15 22:00:00,41.855,3.9106,398.85,106.23,7.68,200.2
2026-05-15 23:00:00,40.873,3.9,403.0,104.66,7.99,188.8
2026-05-16 00:00:00,36.001,3.9043,399.02,102.45,5.93,188.9
2026-05-16 01:00:00,35.513,3.9607,401.35,105.71,9.39,188.9
2026-05-16 02:00:00,34.871,3.9409,398.22,103.62,9.15,195.5
2026-05-16 03:00:00,36.952,3.8326,400.11,105.68,6.98,192.0
2026-05-16 04:00:00,36.209,3.7848,404.8,102.93,7.89,206.8
2026-05-16 05:00:00,33.855,3.9233,398.67,104.07,7.35,203.7
2026-05-16 06:00:00,34.573,3.9182,401.63,103.87,7.78,187.4
2026-05-16 07:00:00,36.874,3.9228,399.76,102.37,8.13,195.4
2026-05-16 08:00:00,35.742,3.972,394.28,107.75,7.86,178.6
2026-05-16 09:00:00,33.904,3.9436,401.73,103.68,7.96,191.7
2026-05-16 10:00:00,35.322,3.9579,401.89,103.83,6.69,203.8
2026-05-16 11:00:00,35.265,3.8485,403.88,104.76,6.39,173.4
2026-05-16 12:00:00,35.352,3.8374,399.55,107.93,10.39,189.6
2026-05-16 13:00:00,36.64,3.9449,399.66,101.79,8.87,188.3
2026-05-16 14:00:00,36.269,3.9358,397.6,106.54,8.07,192.3
2026-05-16 15:00:00,35.317,3.936,403.07,103.18,8.48,185.7
2026-05-16 16:00:00,34.46,3.884,401.86,104.84,8.87,183.3
2026-05-16 17:00:00,35.458,3.9041,401.9,103.84,7.25,174.6
2026-05-16 18:00:00,37.052,3.9541,398.03,106.24,7.96,194.7
2026-05-16 19:00:00,37.144,3.8766,397.71,101.41,8.26,194.7
2026-05-16 20:00:00,36.716,3.931,400.36,105.75,7.19,194.1
2026-05-16 21:00:00,36.341,3.8947,405.24,104.68,9.09,199.2
2026-05-16 22:00:00,35.597,3.9978,403.39,104.05,7.92,179.8
2026-05-16 23:00:00,35.627,3.8889,400.68,103.39,8.47,189.3
2026-05-17 00:00:00,32.708,3.8754,397.34,102.11,7.81,199.3
2026-05-17 01:00:00,33.186,3.8003,399.56,108.53,7.54,192.9
2026-05-17 02:00:00,33.918,3.944,404.4,103.79,8.97,179.3
2026-05-17 03:00:00,34.561,3.8372,400.62,103.11,8.21,178.9
2026-05-17 04:00:00,34.585,3.9067,398.34,102.82,7.06,186.2
2026-05-17 05:00:00,34.762,3.8944,400.54,105.94,7.76,193.2
2026-05-17 06:00:00,35.205,3.927,401.23,104.16,9.57,189.5
2026-05-17 07:00:00,33.95,3.9309,405.0,106.17,8.05,198.6
2026-05-17 08:00:00,34.867,3.905,402.04,104.97,8.13,207.6
2026-05-17 09:00:00,33.962,3.9713,406.4,107.22,8.24,188.4
2026-05-17 10:00:00,32.701,3.8984,407.43,101.68,6.78,198.7
2026-05-17 11:00:00,34.991,3.8098,399.9,104.55,6.8,199.9
2026-05-17 12:00:00,32.982,3.9581,400.69,102.99,6.73,186.8
2026-05-17 13:00:00,34.253,3.8948,398.29,103.72,8.72,181.1
2026-05-17 14:00:00,34.135,3.9243,400.01,105.34,9.27,186.7
2026-05-17 15:00:00,34.573,3.7539,399.02,105.04,7.12,203.6
2026-05-17 16:00:00,32.402,3.9688,398.51,102.5,7.63,187.5
2026-05-17 17:00:00,33.298,3.8317,398.48,105.46,8.34,203.7
2026-05-17 18:00:00,33.714,3.8831,399.05,104.24,8.38,207.8
2026-05-17 19:00:00,35.07,3.9091,404.13,102.85,6.96,196.9
2026-05-17 20:00:00,34.514,3.9068,402.85,103.52,7.92,194.0
2026-05-17 21:00:00,35.012,3.9501,400.4,104.42,6.07,202.4
2026-05-17 22:00:00,32.719,3.8985,407.67,103.53,6.74,206.3
2026-05-17 23:00:00,33.765,3.8924,399.54,105.12,8.63,188.9
2026-05-18 00:00:00,39.467,3.8553,402.06,103.08,8.57,183.4
2026-05-18 01:00:00,37.686,3.9744,396.65,102.25,8.47,187.4
2026-05-18 02:00:00,37.695,3.8933,406.4,102.46,7.79,191.7
2026-05-18 03:00:00,37.108,3.8986,401.48,102.64,8.9,178.6
2026-05-18 04:00:00,38.019,3.9171,409.57,101.38,8.23,215.3
2026-05-18 05:00:00,37.5,3.9548,400.66,101.86,8.32,181.1
2026-05-18 06:00:00,38.282,3.8251,402.2,100.38,7.87,202.9
2026-05-18 07:00:00,38.773,3.8827,399.31,103.36,10.18,189.5
2026-05-18 08:00:00,38.165,3.8633,398.58,104.92,7.51,181.9
2026-05-18 09:00:00,37.549,3.8824,400.52,103.27,7.85,182.5
2026-05-18 10:00:00,39.596,3.9046,399.06,104.44,7.96,174.3
2026-05-18 11:00:00,37.972,3.9826,401.52,105.77,7.46,175.1
2026-05-18 12:00:00,37.379,3.9676,397.0,102.81,8.88,187.5
2026-05-18 13:00:00,37.951,3.919,400.26,103.55,8.2,182.9
2026-05-18 14:00:00,38.129,3.9328,396.82,103.68,7.09,197.5
2026-05-18 15:00:00,38.883,3.9471,403.1,105.54,8.57,182.2
2026-05-18 16:00:00,39.25,3.8544,407.0,104.43,8.47,177.7
2026-05-18 17:00:00,39.406,3.9587,395.29,103.16,7.62,183.5
2026-05-18 18:00:00,39.761,4.0082,396.8,105.57,7.79,203.7
2026-05-18 19:00:00,35.372,3.8782,403.65,102.86,8.95,184.9
2026-05-18 20:00:00,39.481,3.9291,398.73,102.85,7.86,201.6
2026-05-18 21:00:00,38.168,3.8666,409.96,101.63,7.82,195.4
2026-05-18 22:00:00,36.977,3.8992,398.73,101.77,8.36,178.6
2026-05-18 23:00:00,37.31,3.9615,396.63,104.9,8.94,199.9
2026-05-19 00:00:00,40.025,3.888,395.77,104.21,8.35,184.8
2026-05-19 01:00:00,38.298,3.9431,396.81,104.65,7.61,173.0
2026-05-19 02:00:00,41.378,3.9301,401.6,101.86,7.89,192.7
2026-05-19 03:00:00,38.575,3.9819,393.89,105.03,6.47,174.1
2026-05-19 04:00:00,37.932,3.9275,397.78,102.95,7.25,174.9
2026-05-19 05:00:00,38.373,3.849,398.93,103.37,6.05,183.1
2026-05-19 06:00:00,40.86,3.8739,399.63,102.83,7.4,188.7
2026-05-19 07:00:00,37.799,3.8883,394.79,104.4,6.68,195.8
2026-05-19 08:00:00,40.584,3.8148,401.78,103.26,8.86,183.8
2026-05-19 09:00:00,39.034,3.8809,403.5,100.95,8.54,190.0
2026-05-19 10:00:00,38.781,3.8832,402.51,105.09,9.28,182.6
2026-05-19 11:00:00,37.115,3.8673,399.12,103.19,8.9,211.8
2026-05-19 12:00:00,39.804,3.8056,402.81,102.88,7.95,197.4
2026-05-19 13:00:00,39.787,3.8914,400.55,104.98,8.42,209.7
2026-05-19 14:00:00,35.802,3.8556,397.93,105.08,8.09,197.5
2026-05-19 15:00:00,37.658,3.8837,401.62,103.76,7.59,191.7
2026-05-19 16:00:00,41.299,3.7892,404.44,104.26,7.23,195.5
2026-05-19 17:00:00,39.395,3.955,397.26,105.29,7.19,192.1
2026-05-19 18:00:00,40.171,3.8905,401.6,102.94,8.76,183.9
2026-05-19 19:00:00,38.513,3.8888,399.52,102.58,8.55,187.7
2026-05-19 20:00:00,40.065,3.82,395.73,103.44,7.12,187.6
2026-05-19 21:00:00,40.012,3.9504,404.09,105.02,7.35,194.4
2026-05-19 22:00:00,38.729,3.9218,396.52,105.86,8.25,186.1
2026-05-19 23:00:00,37.739,3.9088,398.11,104.22,7.35,183.5
2026-05-20 00:00:00,5.319,3.9687,395.89,103.55,8.23,187.4
2026-05-20 01:00:00,5.885,4.0031,397.17,104.39,7.53,188.0
2026-05-20 02:00:00,6.088,3.9392,399.06,102.4,9.25,186.2
2026-05-20 03:00:00,7.499,3.8526,402.9,103.89,7.67,175.7
2026-05-20 04:00:00,8.208,3.9122,399.63,100.83,7.22,191.3
2026-05-20 05:00:00,10.733,3.8573,393.03,105.0,7.54,175.8
2026-05-20 06:00:00,10.609,3.8833,396.81,101.88,7.82,189.9
2026-05-20 07:00:00,10.178,3.9442,395.89,105.95,8.18,187.1
2026-05-20 08:00:00,12.24,3.8653,399.5,106.32,7.46,197.2
2026-05-20 09:00:00,12.315,3.894,402.59,102.05,8.19,167.5
2026-05-20 10:00:00,12.964,3.8741,402.35,104.92,7.19,187.7
2026-05-20 11:00:00,14.753,3.8168,400.97,105.88,8.91,183.1
2026-05-20 12:00:00,15.159,3.8482,398.21,103.47,8.46,189.8
2026-05-20 13:00:00,15.574,3.936,402.34,102.93,7.72,188.0
2026-05-20 14:00:00,15.776,3.9018,401.72,106.77,8.07,186.2
2026-05-20 15:00:00,17.923,3.9256,402.09,102.56,8.08,195.6
2026-05-20 16:00:00,17.009,3.9637,399.07,105.16,7.89,186.6
2026-05-20 17:00:00,19.705,3.9096,402.32,103.46,7.03,182.1
2026-05-20 18:00:00,19.629,3.9333,396.84,106.14,8.03,188.2
2026-05-20 19:00:00,21.998,3.877,398.84,105.03,8.52,179.1
2026-05-20 20:00:00,23.195,3.9239,395.97,103.61,8.67,191.3
2026-05-20 21:00:00,21.538,4.014,402.54,106.88,8.48,182.5
2026-05-20 22:00:00,22.222,3.861,402.63,104.86,7.26,182.2
2026-05-20 23:00:00,20.48,3.9164,403.79,104.01,9.47,198.1
2026-05-21 00:00:00,34.152,3.8661,400.08,103.14,7.88,197.2
2026-05-21 01:00:00,35.107,3.9463,397.79,102.64,6.84,171.7
2026-05-21 02:00:00,34.373,3.9013,399.28,103.95,9.6,178.7
2026-05-21 03:00:00,34.567,3.8738,397.17,105.98,7.95,202.2
2026-05-21 04:00:00,33.673,3.9922,406.7,102.65,7.97,188.4
2026-05-21 05:00:00,35.443,3.8336,401.32,105.05,7.5,167.1
2026-05-21 06:00:00,34.149,3.879,402.22,103.03,7.06,195.9
2026-05-21 07:00:00,35.251,3.9355,400.07,105.55,8.39,171.9
2026-05-21 08:00:00,35.074,3.9376,400.05,106.16,7.62,196.8
2026-05-21 09:00:00,33.581,3.899,398.3,102.47,6.94,192.1
2026-05-21 10:00:00,35.317,3.8674,396.23,102.66,8.59,177.8
2026-05-21 11:00:00,36.06,3.8157,400.79,104.97,8.96,185.5
2026-05-21 12:00:00,34.07,3.8281,402.68,103.78,7.62,185.7
2026-05-21 13:00:00,35.137,3.9009,403.5,100.75,8.66,184.5
2026-05-21 14:00:00,34.792,3.8836,399.71,105.11,8.17,175.5
2026-05-21 15:00:00,34.805,3.8946,401.08,104.05,7.93,200.2
2026-05-21 16:00:00,33.738,4.0085,398.28,102.43,8.62,200.7
2026-05-21 17:00:00,36.189,3.9726,401.41,104.09,8.3,189.9
2026-05-21 18:00:00,34.315,3.98,405.44,104.01,7.81,185.1
2026-05-21 19:00:00,33.123,3.866,398.44,103.97,7.2,171.0
2026-05-21 20:00:00,35.57,3.9861,393.61,103.79,8.69,178.3
2026-05-21 21:00:00,33.385,3.9017,399.3,103.05,9.32,205.0
2026-05-21 22:00:00,35.578,3.8969,399.04,105.34,7.82,205.0
2026-05-21 23:00:00,36.206,3.8704,402.33,106.38,8.54,180.7
2026-05-22 00:00:00,39.943,3.8841,400.44,104.09,7.74,198.9
2026-05-22 01:00:00,41.913,3.8735,395.68,104.61,8.04,194.6
2026-05-22 02:00:00,39.466,3.9168,397.4,105.71,9.38,181.2
2026-05-22 03:00:00,37.167,3.8782,398.59,104.38,8.06,195.5
2026-05-22 04:00:00,43.591,3.8752,399.07,104.75,6.57,198.5
2026-05-22 05:00:00,39.571,3.8316,397.67,104.86,8.73,203.2
2026-05-22 06:00:00,40.858,3.8676,401.9,104.0,9.93,170.2
2026-05-22 07:00:00,42.283,3.9426,401.47,103.99,7.62,181.2
2026-05-22 08:00:00,38.464,4.0063,403.08,105.15,8.36,171.7
2026-05-22 09:00:00,40.017,3.9108,403.76,102.64,8.3,188.6
2026-05-22 10:00:00,40.396,3.866,401.38,104.27,6.59,203.2
2026-05-22 11:00:00,43.019,3.8613,403.77,102.69,7.66,208.7
2026-05-22 12:00:00,40.614,3.9813,401.21,105.69,7.96,205.5
2026-05-22 13:00:00,42.539,3.9398,398.66,103.63,7.34,197.3
2026-05-22 14:00:00,41.017,3.8712,403.13,103.32,9.56,199.5
2026-05-22 15:00:00,42.314,3.8708,397.4,101.46,8.62,180.1
2026-05-22 16:00:00,42.022,3.9139,402.69,102.28,7.63,193.2
2026-05-22 17:00:00,41.296,3.8425,401.44,102.97,8.76,189.1
2026-05-22 18:00:00,40.05,3.9288,403.88,103.85,9.09,181.4
2026-05-22 19:00:00,40.751,3.8512,401.06,102.84,8.14,197.6
2026-05-22 20:00:00,39.246,3.8195,399.89,104.99,8.3,182.3
2026-05-22 21:00:00,41.412,3.8924,402.7,102.88,8.46,203.1
2026-05-22 22:00:00,39.606,3.8922,402.26,104.98,8.39,190.1
2026-05-22 23:00:00,38.52,3.9063,396.53,104.32,6.24,205.6
2026-05-23 00:00:00,42.66,3.9285,397.85,103.74,8.81,197.8
2026-05-23 01:00:00,39.537,3.9659,402.53,104.98,7.82,191.2
2026-05-23 02:00:00,39.52,3.9155,398.4,105.93,8.13,193.3
2026-05-23 03:00:00,40.765,3.922,396.12,106.09,8.17,185.8
2026-05-23 04:00:00,39.208,3.8722,398.54,104.2,7.41,192.3
2026-05-23 05:00:00,40.54,3.8716,406.92,104.0,8.36,192.2
2026-05-23 06:00:00,40.169,3.9391,404.44,104.06,7.41,196.5
2026-05-23 07:00:00,37.78,3.9132,399.76,104.64,6.89,186.7
2026-05-23 08:00:00,39.119,3.8783,402.04,103.85,7.6,202.6
2026-05-23 09:00:00,40.348,3.8042,397.16,104.74,8.41,193.0
2026-05-23 10:00:00,40.629,3.8593,399.94,102.35,7.39,181.7
2026-05-23 11:00:00,39.299,3.8862,399.5,102.9,8.9,186.0
2026-05-23 12:00:00,42.113,3.9518,396.55,105.38,6.93,204.7
2026-05-23 13:00:00,40.658,3.8527,393.61,103.45,6.95,201.0
2026-05-23 14:00:00,38.768,3.8896,401.5,104.04,8.22,187.7
2026-05-23 15:00:00,41.094,3.8545,401.7,102.23,8.14,178.8
2026-05-23 16:00:00,39.986,3.929,403.66,101.34,7.39,180.4
2026-05-23 17:00:00,41.663,3.8572,402.07,103.23,6.86,191.0
2026-05-23 18:00:00,38.862,3.9357,402.43,105.96,7.19,205.4
2026-05-23 19:00:00,41.363,3.8112,406.53,106.48,7.17,193.1
2026-05-23 20:00:00,38.613,3.8928,400.52,104.9,7.34,189.6
2026-05-23 21:00:00,39.1,3.9183,401.93,104.09,8.9,197.3
2026-05-23 22:00:00,40.652,3.9568,396.28,103.93,6.59,189.7
2026-05-23 23:00:00,39.648,3.9402,398.65,103.03,7.92,188.6
2026-05-24 00:00:00,40.47,3.8562,395.52,101.62,8.9,177.4
2026-05-24 01:00:00,39.314,3.8448,402.58,103.15,8.96,182.9
2026-05-24 02:00:00,40.214,3.9369,402.84,102.21,7.7,189.1
2026-05-24 03:00:00,37.7,3.9347,401.13,104.74,6.89,191.7
2026-05-24 04:00:00,40.383,3.9505,398.43,104.99,9.55,185.6
2026-05-24 05:00:00,39.381,3.8837,395.55,103.45,9.28,180.8
2026-05-24 06:00:00,39.641,3.9589,401.66,104.33,7.73,188.8
2026-05-24 07:00:00,39.885,3.9338,400.22,105.39,6.52,198.1
2026-05-24 08:00:00,39.248,3.9005,398.74,104.95,7.91,196.2
2026-05-24 09:00:00,38.924,3.9093,403.64,105.65,7.72,191.4
2026-05-24 10:00:00,39.44,3.8941,400.05,105.8,8.46,204.4
2026-05-24 11:00:00,41.693,3.8376,400.92,103.34,6.73,179.4
2026-05-24 12:00:00,39.286,3.9826,400.27,103.73,7.98,182.6
2026-05-24 13:00:00,40.084,3.8957,395.19,103.22,10.65,196.3
2026-05-24 14:00:00,39.767,3.933,397.14,104.14,8.69,174.3
2026-05-24 15:00:00,39.019,3.8806,399.18,103.25,8.22,200.1
2026-05-24 16:00:00,40.288,3.9506,403.1,103.13,8.22,186.4
2026-05-24 17:00:00,40.657,3.8832,399.48,106.51,7.87,174.8
2026-05-24 18:00:00,40.026,3.9149,398.54,104.12,8.81,185.0
2026-05-24 19:00:00,39.668,3.8658,401.0,103.83,7.29,188.6
2026-05-24 20:00:00,42.03,3.8171,395.97,104.51,6.92,209.2
2026-05-24 21:00:00,38.147,3.8368,398.53,105.6,8.64,195.7
2026-05-24 22:00:00,40.239,3.9642,394.71,104.43,9.13,179.7
2026-05-24 23:00:00,40.266,3.9604,403.71,103.82,9.47,195.1
2026-05-25 00:00:00,38.732,3.8484,397.83,102.91,9.39,167.4
2026-05-25 01:00:00,35.538,3.9396,400.47,99.69,7.7,187.2
2026-05-25 02:00:00,38.884,3.8075,398.49,105.58,8.61,181.2
2026-05-25 03:00:00,37.242,3.8289,404.03,103.4,9.0,198.0
2026-05-25 04:00:00,36.588,3.8938,401.95,104.67,9.2,201.1
2026-05-25 05:00:00,37.917,3.9346,397.99,103.16,8.49,193.5
2026-05-25 06:00:00,36.353,3.8973,397.74,103.23,9.02,181.1
2026-05-25 07:00:00,36.851,3.9287,400.29,104.28,6.9,190.0
2026-05-25 08:00:00,37.164,3.8621,398.45,103.62,8.67,208.5
2026-05-25 09:00:00,37.694,3.9734,400.42,101.89,8.07,202.7
2026-05-25 10:00:00,39.103,3.8589,406.59,102.98,7.46,185.3
2026-05-25 11:00:00,39.159,3.9212,402.75,100.83,7.99,189.3
2026-05-25 12:00:00,38.342,3.8792,403.58,103.06,6.95,174.5
2026-05-25 13:00:00,38.962,3.9387,397.85,105.66,7.9,189.2
2026-05-25 14:00:00,35.993,3.8756,400.44,104.36,7.6,200.1
2026-05-25 15:00:00,39.157,3.8631,401.3,101.86,8.36,181.1
2026-05-25 16:00:00,37.422,3.9107,399.44,105.59,7.44,186.0
2026-05-25 17:00:00,37.947,3.9008,400.88,103.77,7.42,196.9
2026-05-25 18:00:00,37.68,3.946,404.01,103.56,7.47,186.1
2026-05-25 19:00:00,36.891,3.8066,404.91,104.67,9.84,185.1
2026-05-25 20:00:00,38.242,3.9159,399.96,105.5,8.05,189.8
2026-05-25 21:00:00,37.776,3.7951,398.09,103.02,9.32,196.2
2026-05-25 22:00:00,38.453,3.9331,399.61,106.47,7.89,176.9
2026-05-25 23:00:00,38.286,3.9597,400.47,104.61,8.79,205.3
2026-05-26 00:00:00,36.568,3.9839,401.02,107.12,6.99,199.7
2026-05-26 01:00:00,36.262,3.9088,396.49,105.64,7.9,181.0
2026-05-26 02:00:00,35.311,3.8919,400.48,102.78,7.34,194.6
2026-05-26 03:00:00,35.892,3.9977,398.97,105.17,9.39,188.7
2026-05-26 04:00:00,36.988,3.9176,400.34,106.41,7.29,184.8
2026-05-26 05:00:00,34.132,3.8973,403.03,103.73,8.68,183.3
2026-05-26 06:00:00,37.149,3.8976,398.81,106.46,8.04,196.1
2026-05-26 07:00:00,36.09,3.9368,400.53,102.36,8.27,195.2
2026-05-26 08:00:00,36.366,3.8921,405.41,103.04,8.14,192.6
2026-05-26 09:00:00,34.844,3.8458,402.09,105.06,8.16,175.2
2026-05-26 10:00:00,35.664,3.9145,401.97,105.8,8.4,199.8
2026-05-26 11:00:00,37.68,3.7909,403.03,103.46,8.42,192.6
2026-05-26 12:00:00,34.907,3.8596,401.43,103.83,8.61,186.9
2026-05-26 13:00:00,38.178,3.8906,406.14,102.99,8.47,201.4
2026-05-26 14:00:00,34.606,3.8564,401.34,105.73,9.09,195.9
2026-05-26 15:00:00,37.041,3.847,398.95,106.16,7.62,188.2
2026-05-26 16:00:00,34.164,3.8936,395.59,104.6,9.17,193.5
2026-05-26 17:00:00,36.129,3.8834,401.74,102.48,7.69,211.2
2026-05-26 18:00:00,34.607,3.8754,396.14,105.84,7.86,178.3
2026-05-26 19:00:00,34.657,3.9554,402.07,105.21,7.99,199.1
2026-05-26 20:00:00,37.302,3.9341,395.52,101.23,6.91,193.0
2026-05-26 21:00:00,34.395,3.85,400.2,102.79,7.04,199.5
2026-05-26 22:00:00,36.44,3.9392,402.73,106.11,7.99,188.4
2026-05-26 23:00:00,34.108,3.8894,398.33,105.53,8.53,204.3
2026-05-27 00:00:00,37.459,3.9576,401.56,104.22,7.72,189.9
2026-05-27 01:00:00,35.318,3.9192,399.78,101.09,5.93,183.1
2026-05-27 02:00:00,35.819,3.8857,403.73,103.1,7.03,193.7
2026-05-27 03:00:00,37.35,3.9789,397.08,103.63,7.67,204.5
2026-05-27 04:00:00,37.03,3.901,402.07,103.48,7.84,189.6
2026-05-27 05:00:00,35.775,3.8877,401.0,104.34,9.13,198.2
2026-05-27 06:00:00,36.218,3.7946,395.72,103.26,7.7,177.3
2026-05-27 07:00:00,35.897,3.9047,398.14,103.77,7.91,183.1
2026-05-27 08:00:00,35.384,3.8929,400.71,102.48,6.42,180.6
2026-05-27 09:00:00,36.804,3.8217,402.58,103.12,8.08,182.4
2026-05-27 10:00:00,36.878,3.901,400.97,101.17,8.53,173.7
2026-05-27 11:00:00,35.924,3.9232,399.36,104.67,8.1,190.5
2026-05-27 12:00:00,35.429,3.9462,403.11,103.19,7.29,191.6
2026-05-27 13:00:00,35.484,3.9049,402.23,104.9,9.1,194.0
2026-05-27 14:00:00,35.189,3.8578,401.42,106.66,7.7,181.0
2026-05-27 15:00:00,37.705,3.8923,401.87,105.48,7.23,186.3
2026-05-27 16:00:00,35.691,3.9233,401.75,103.24,8.39,172.8
2026-05-27 17:00:00,36.624,3.9144,399.9,101.89,7.89,179.5
2026-05-27 18:00:00,37.755,3.8845,399.3,103.79,8.38,190.4
2026-05-27 19:00:00,36.812,3.8544,403.0,103.25,8.54,191.9
2026-05-27 20:00:00,37.361,3.8947,395.73,102.32,7.8,202.6
2026-05-27 21:00:00,35.831,3.9007,403.42,103.15,8.2,192.3
2026-05-27 22:00:00,35.648,3.9089,402.84,105.42,7.72,217.0
2026-05-27 23:00:00,36.619,3.8851,397.85,102.56,8.58,162.5
2026-05-28 00:00:00,39.164,3.8336,399.41,103.89,6.99,180.4
2026-05-28 01:00:00,40.741,3.8722,399.87,103.5,8.59,201.1
2026-05-28 02:00:00,40.351,3.924,401.47,102.27,8.95,184.4
2026-05-28 03:00:00,38.347,3.8804,397.65,104.52,8.51,201.6
2026-05-28 04:00:00,39.228,3.8701,399.1,102.29,7.42,208.4
2026-05-28 05:00:00,38.478,3.8765,401.66,104.3,8.54,181.5
2026-05-28 06:00:00,38.149,3.96,397.98,103.8,8.13,172.3
2026-05-28 07:00:00,39.12,3.8675,401.36,103.5,6.28,197.0
2026-05-28 08:00:00,36.498,3.8788,397.93,103.08,7.96,198.5
2026-05-28 09:00:00,38.365,3.8693,401.97,104.66,8.51,192.7
2026-05-28 10:00:00,39.061,3.8751,398.55,105.22,9.09,208.2
2026-05-28 11:00:00,38.178,3.8869,399.9,103.71,7.12,210.1
2026-05-28 12:00:00,41.011,3.8904,398.61,103.93,7.06,186.4
2026-05-28 13:00:00,40.193,3.976,402.4,105.78,7.18,159.1
2026-05-28 14:00:00,40.868,3.9068,399.66,106.31,7.24,180.6
2026-05-28 15:00:00,38.507,3.9745,402.57,101.42,9.22,189.8
2026-05-28 16:00:00,39.812,3.8617,405.22,104.57,8.97,180.2
2026-05-28 17:00:00,40.117,3.9025,399.25,102.79,7.44,178.6
2026-05-28 18:00:00,38.592,3.897,401.55,101.73,7.18,183.8
2026-05-28 19:00:00,37.499,3.8844,399.13,103.67,8.28,198.6
2026-05-28 20:00:00,40.232,3.9114,401.57,102.81,7.25,195.8
2026-05-28 21:00:00,39.968,4.0024,399.24,102.54,8.19,185.4
2026-05-28 22:00:00,38.333,3.963,405.38,104.47,7.47,192.1
2026-05-28 23:00:00,39.274,3.8321,402.27,104.44,8.93,184.4
2026-05-29 00:00:00,38.591,3.8927,394.97,107.53,6.38,178.8
2026-05-29 01:00:00,38.219,3.8239,401.1,103.29,8.03,191.9
2026-05-29 02:00:00,38.698,3.9032,399.48,104.57,8.6,187.3
2026-05-29 03:00:00,38.126,3.8796,400.81,103.44,7.69,175.4
2026-05-29 04:00:00,40.762,3.84,404.76,105.11,8.77,192.3
2026-05-29 05:00:00,39.177,3.9131,401.65,105.18,9.16,180.4
2026-05-29 06:00:00,39.181,3.9769,403.98,102.51,8.23,192.6
2026-05-29 07:00:00,38.92,3.7916,402.48,101.68,9.68,196.3
2026-05-29 08:00:00,38.542,3.9306,400.42,103.24,7.93,193.4
2026-05-29 09:00:00,37.759,3.9347,403.25,105.56,8.92,202.6
2026-05-29 10:00:00,39.451,3.9637,400.22,104.61,9.11,208.9
2026-05-29 11:00:00,38.274,3.8306,406.27,105.7,9.43,198.9
2026-05-29 12:00:00,38.941,3.8701,397.26,106.14,8.78,193.3
2026-05-29 13:00:00,37.422,3.8756,398.25,103.59,5.78,192.4
2026-05-29 14:00:00,40.432,3.8746,400.14,104.43,7.24,194.4
2026-05-29 15:00:00,37.758,3.8797,400.8,103.95,8.09,181.3
2026-05-29 16:00:00,39.495,3.8483,402.53,103.33,7.09,189.4
2026-05-29 17:00:00,37.482,3.8752,399.62,105.17,8.64,194.9
2026-05-29 18:00:00,38.355,3.8268,399.41,103.56,7.92,185.1
2026-05-29 19:00:00,38.083,3.9403,396.16,104.05,9.0,182.7
2026-05-29 20:00:00,37.559,3.8901,399.06,104.42,9.07,189.0
2026-05-29 21:00:00,39.306,3.8727,398.63,104.46,7.49,201.9
2026-05-29 22:00:00,38.215,3.8931,397.01,103.39,7.23,185.4
2026-05-29 23:00:00,36.661,3.9004,405.18,101.28,9.37,189.0
2026-05-30 00:00:00,39.777,3.8516,406.01,102.44,7.95,205.4
2026-05-30 01:00:00,37.314,3.7864,399.84,102.89,7.25,181.2
2026-05-30 02:00:00,37.094,3.9696,403.64,102.01,7.93,185.6
2026-05-30 03:00:00,40.026,3.8595,404.84,104.03,7.39,189.3
2026-05-30 04:00:00,38.094,4.012,400.48,103.31,8.09,204.7
2026-05-30 05:00:00,37.658,3.8174,403.92,104.93,7.65,189.3
2026-05-30 06:00:00,40.034,3.7657,403.81,103.75,8.54,189.6
2026-05-30 07:00:00,42.322,3.8697,403.3,100.13,8.04,197.9
2026-05-30 08:00:00,36.973,3.7995,400.31,105.52,8.95,183.3
2026-05-30 09:00:00,39.156,3.83,405.23,103.15,9.02,187.4
2026-05-30 10:00:00,38.373,3.981,397.41,105.94,7.72,181.3
2026-05-30 11:00:00,37.782,3.9564,399.77,103.48,6.8,201.7
2026-05-30 12:00:00,39.968,3.9162,402.34,99.14,7.58,191.6
2026-05-30 13:00:00,38.872,3.8717,400.71,102.91,7.48,177.6
2026-05-30 14:00:00,38.908,3.864,398.49,106.08,7.97,189.6
2026-05-30 15:00:00,36.964,3.8738,402.94,104.83,8.04,188.2
2026-05-30 16:00:00,38.825,3.9199,399.02,100.27,9.57,201.4
2026-05-30 17:00:00,38.569,3.9705,396.08,105.93,8.15,198.9
2026-05-30 18:00:00,38.346,3.9075,401.75,105.57,8.41,194.4
2026-05-30 19:00:00,38.059,3.9858,400.62,103.66,7.74,178.0
2026-05-30 20:00:00,37.889,3.8238,400.61,103.88,8.17,177.5
2026-05-30 21:00:00,38.257,3.8679,402.97,101.76,6.78,202.8
2026-05-30 22:00:00,39.167,3.8215,404.04,106.24,8.91,169.4
2026-05-30 23:00:00,38.887,3.8567,399.2,101.63,9.39,183.1
2026-05-31 00:00:00,37.172,3.9401,401.84,104.62,7.69,192.2
2026-05-31 01:00:00,36.621,3.7862,402.99,103.06,7.58,185.9
2026-05-31 02:00:00,35.328,3.8393,394.58,104.7,8.94,190.7
2026-05-31 03:00:00,35.597,3.9652,399.03,101.6,6.49,191.8
2026-05-31 04:00:00,38.46,3.8806,398.08,103.58,7.32,184.5
2026-05-31 05:00:00,37.141,3.8636,402.78,102.53,8.56,193.4
2026-05-31 06:00:00,36.434,3.8848,399.01,106.51,7.35,201.8
2026-05-31 07:00:00,37.977,3.8828,404.83,100.42,8.19,191.2
2026-05-31 08:00:00,36.882,3.9415,398.78,103.71,8.91,188.8
2026-05-31 09:00:00,35.716,3.9282,399.73,103.14,8.44,182.2
2026-05-31 10:00:00,35.775,3.8866,399.41,104.07,7.03,207.1
2026-05-31 11:00:00,37.607,3.9068,400.67,100.24,8.73,179.7
2026-05-31 12:00:00,37.416,3.8399,402.93,103.19,7.82,205.2
2026-05-31 13:00:00,37.954,3.8309,397.88,104.28,7.81,198.0
2026-05-31 14:00:00,36.102,3.8058,397.24,103.71,8.43,197.4
2026-05-31 15:00:00,38.238,3.9114,399.37,105.09,7.91,185.2
2026-05-31 16:00:00,36.342,3.9461,404.44,105.96,6.72,200.9
2026-05-31 17:00:00,35.62,3.8826,401.74,101.99,7.01,182.4
2026-05-31 18:00:00,38.727,3.9535,397.28,104.2,8.1,193.1
2026-05-31 19:00:00,36.074,3.9717,398.84,105.22,6.65,193.9
2026-05-31 20:00:00,37.021,3.9676,392.19,104.82,8.65,187.3
2026-05-31 21:00:00,38.316,4.0049,402.63,105.21,9.08,194.3
2026-05-31 22:00:00,38.22,3.9297,397.93,102.42,8.94,195.9
2026-05-31 23:00:00,36.121,3.9011,404.38,101.42,7.27,196.9
2026-06-01 00:00:00,39.096,3.8412,397.0,104.24,9.12,190.1
2026-06-01 01:00:00,35.493,3.9513,399.92,103.31,7.07,201.9
2026-06-01 02:00:00,38.459,3.92,401.04,104.65,8.67,207.1
2026-06-01 03:00:00,36.935,3.896,398.63,106.52,7.77,173.8
2026-06-01 04:00:00,38.121,3.8631,397.77,103.32,6.95,170.6
2026-06-01 05:00:00,40.387,3.8934,397.18,104.93,9.06,172.5
2026-06-01 06:00:00,37.64,3.9138,397.45,104.67,7.01,183.3
2026-06-01 07:00:00,38.012,3.9212,400.1,102.97,7.7,168.8
2026-06-01 08:00:00,40.597,3.8792,399.1,104.39,8.45,193.4
2026-06-01 09:00:00,37.374,3.8167,399.46,102.79,7.55,189.9
2026-06-01 10:00:00,38.426,3.9643,399.54,101.4,8.46,199.2
2026-06-01 11:00:00,36.263,3.93,400.54,103.17,8.13,193.8
2026-06-01 12:00:00,38.826,3.957,399.94,103.98,9.93,179.2
2026-06-01 13:00:00,37.833,3.8818,402.28,105.65,6.93,202.2
2026-06-01 14:00:00,36.784,4.0302,397.96,105.65,7.78,197.0
2026-06-01 15:00:00,37.29,3.9062,400.05,104.13,8.63,185.5
2026-06-01 16:00:00,37.777,3.8337,399.56,103.25,8.7,196.6
2026-06-01 17:00:00,37.319,3.9218,403.93,103.67,7.05,214.6
2026-06-01 18:00:00,38.784,3.9349,407.5,102.79,8.24,171.0
2026-06-01 19:00:00,38.715,3.9195,397.63,102.71,7.85,187.6
2026-06-01 20:00:00,39.965,3.8875,399.5,103.73,6.71,185.1
2026-06-01 21:00:00,36.6,3.906,393.39,102.3,8.2,168.9
2026-06-01 22:00:00,36.362,3.9494,395.98,103.97,8.24,179.3
2026-06-01 23:00:00,36.212,3.9761,398.3,104.76,7.38,193.6
2026-06-02 00:00:00,32.0,3.8307,396.83,103.04,7.49,186.6
2026-06-02 01:00:00,33.748,3.8727,402.78,102.99,8.52,203.0
2026-06-02 02:00:00,35.057,3.8,405.16,101.34,9.13,189.8
2026-06-02 03:00:00,33.667,3.8522,402.78,105.02,7.55,183.7
2026-06-02 04:00:00,34.173,3.9513,402.29,103.42,8.0,199.3
2026-06-02 05:00:00,34.154,3.9561,400.41,102.93,8.23,194.5
2026-06-02 06:00:00,32.784,3.9221,397.47,104.38,7.51,211.1
2026-06-02 07:00:00,34.509,3.9128,396.04,102.15,8.55,188.4
2026-06-02 08:00:00,33.625,3.8208,395.46,104.16,7.83,176.6
2026-06-02 09:00:00,32.516,3.9389,398.68,104.85,9.32,193.3
2026-06-02 10:00:00,33.445,3.8699,403.63,101.82,7.12,189.8
2026-06-02 11:00:00,31.843,3.9487,398.11,104.78,7.75,187.4
2026-06-02 12:00:00,33.33,3.8015,396.71,103.28,9.77,198.1
2026-06-02 13:00:00,34.04,3.8477,402.66,105.86,8.6,216.2
2026-06-02 14:00:00,31.968,3.8458,399.19,102.53,8.04,195.1
2026-06-02 15:00:00,33.302,3.9047,401.19,105.15,7.47,183.2
2026-06-02 16:00:00,34.507,3.8826,397.48,104.41,7.71,191.1
2026-06-02 17:00:00,33.25,3.9311,402.72,102.74,7.02,205.9
2026-06-02 18:00:00,32.628,3.8219,394.28,103.93,7.48,171.6
2026-06-02 19:00:00,32.364,3.8464,402.95,104.33,7.98,177.2
2026-06-02 20:00:00,33.129,3.9324,400.43,105.56,8.05,196.8
2026-06-02 21:00:00,33.765,3.8709,403.97,104.52,8.65,179.2
2026-06-02 22:00:00,32.222,3.8902,397.54,104.91,8.31,202.1
2026-06-02 23:00:00,33.896,3.8427,402.8,103.0,7.4,190.5
2026-06-03 00:00:00,39.759,3.9511,408.43,104.61,9.15,187.7
2026-06-03 01:00:00,40.172,3.8734,398.68,105.99,8.35,194.3
2026-06-03 02:00:00,38.815,3.9846,399.42,103.0,7.97,196.6
2026-06-03 03:00:00,40.663,3.9727,396.78,103.33,9.23,212.6
2026-06-03 04:00:00,39.022,3.8945,395.33,102.75,7.28,188.8
2026-06-03 05:00:00,38.353,3.9458,399.79,103.6,8.73,187.2
2026-06-03 06:00:00,38.295,3.9007,406.46,104.13,8.41,187.9
2026-06-03 07:00:00,39.512,3.9245,392.05,102.12,7.51,187.2
2026-06-03 08:00:00,41.504,4.0217,401.85,104.58,8.53,204.9
2026-06-03 09:00:00,38.602,3.8748,400.43,104.43,6.47,194.2
2026-06-03 10:00:00,37.881,3.9375,402.49,100.6,8.39,191.8
2026-06-03 11:00:00,39.037,3.9468,405.95,104.72,7.12,175.5
2026-06-03 12:00:00,38.38,3.8486,403.32,104.41,7.97,198.6
2026-06-03 13:00:00,39.793,3.901,397.44,103.05,8.01,178.2
2026-06-03 14:00:00,41.747,3.9054,398.31,105.44,7.14,200.4
2026-06-03 15:00:00,39.871,3.993,398.31,103.38,7.31,177.4
2026-06-03 16:00:00,40.068,3.8464,400.91,103.02,8.83,164.4
2026-06-03 17:00:00,40.264,3.9015,399.95,103.03,9.38,185.7
2026-06-03 18:00:00,40.274,3.886,398.87,104.1,8.52,178.7
2026-06-03 19:00:00,39.207,3.8289,401.13,102.7,7.39,196.3
2026-06-03 20:00:00,39.751,3.9192,399.52,104.58,8.05,178.7
2026-06-03 21:00:00,40.017,3.8818,399.22,104.39,7.54,179.2
2026-06-03 22:00:00,41.172,3.9907,398.91,105.69,8.29,183.4
2026-06-03 23:00:00,38.77,3.885,398.65,103.47,7.88,178.5
2026-06-04 00:00:00,3.748,3.8426,396.74,105.35,8.59,204.3
2026-06-04 01:00:00,3.269,3.8669,403.37,103.83,7.88,181.3
2026-06-04 02:00:00,1.856,3.781,401.51,100.97,8.68,174.3
2026-06-04 03:00:00,1.149,4.0223,399.11,102.22,9.54,185.4
2026-06-04 04:00:00,1.646,3.9616,391.42,101.75,6.93,182.9
2026-06-04 05:00:00,2.826,3.9401,403.0,103.89,7.65,174.2
2026-06-04 06:00:00,3.767,3.8639,401.78,105.5,8.02,168.7
2026-06-04 07:00:00,2.351,3.9672,400.76,106.1,6.2,188.7
2026-06-04 08:00:00,2.932,3.8178,398.01,105.44,8.42,184.5
2026-06-04 09:00:00,1.819,3.9587,396.71,104.41,8.82,182.9
2026-06-04 10:00:00,3.131,3.8946,403.28,105.36,8.2,186.9
2026-06-04 11:00:00,1.232,3.9077,400.58,106.08,7.92,193.4
2026-06-04 12:00:00,3.232,3.9154,401.33,106.39,8.06,193.8
2026-06-04 13:00:00,2.829,3.8934,396.62,101.78,7.83,201.1
2026-06-04 14:00:00,2.636,3.9807,402.67,103.0,6.82,184.7
2026-06-04 15:00:00,2.16,3.8621,402.72,102.79,8.45,197.7
2026-06-04 16:00:00,3.891,3.8781,403.72,105.24,8.09,178.8
2026-06-04 17:00:00,1.229,3.9036,403.74,104.72,7.92,192.2
2026-06-04 18:00:00,3.002,3.8116,396.98,104.02,8.95,200.6
2026-06-04 19:00:00,2.288,3.9004,397.73,103.39,8.1,186.2
2026-06-04 20:00:00,3.041,3.8409,395.2,103.68,8.14,196.0
2026-06-04 21:00:00,3.445,3.8629,403.73,104.59,8.69,184.1
2026-06-04 22:00:00,2.661,3.8415,402.91,102.27,6.6,182.3
2026-06-04 23:00:00,1.301,3.9004,400.64,104.15,7.95,188.1
2026-06-05 00:00:00,33.307,3.982,399.48,105.79,6.74,195.2
2026-06-05 01:00:00,33.539,3.8345,400.74,105.51,9.08,203.1
2026-06-05 02:00:00,34.485,3.9381,398.15,103.16,8.18,188.6
2026-06-05 03:00:00,35.652,3.8076,403.34,103.1,9.16,201.2
2026-06-05 04:00:00,33.57,3.8966,401.97,102.79,7.39,186.8
2026-06-05 05:00:00,35.546,3.9444,398.68,105.21,9.16,199.0
2026-06-05 06:00:00,34.01,3.8573,400.8,105.2,8.33,186.0
2026-06-05 07:00:00,33.809,3.9624,399.51,106.76,7.08,186.6
2026-06-05 08:00:00,34.11,3.9911,403.65,103.24,6.46,201.4
2026-06-05 09:00:00,34.914,3.8434,395.49,104.58,7.83,191.3
2026-06-05 10:00:00,35.19,3.8811,399.16,104.97,7.91,187.2
2026-06-05 11:00:00,35.444,3.8013,403.68,104.65,7.39,188.2
2026-06-05 12:00:00,36.057,3.9272,394.68,102.48,8.14,207.7
2026-06-05 13:00:00,35.577,3.89,401.71,104.02,7.76,193.8
2026-06-05 14:00:00,32.572,3.9501,401.59,103.34,7.32,178.0
2026-06-05 15:00:00,35.07,3.9073,400.52,106.55,6.25,182.8
2026-06-05 16:00:00,33.988,3.947,399.25,102.6,8.16,194.0
2026-06-05 17:00:00,36.458,3.9126,398.69,103.25,7.36,194.8
2026-06-05 18:00:00,35.636,3.8888,399.6,106.05,8.08,194.9
2026-06-05 19:00:00,33.667,3.87,393.64,101.97,8.29,202.4
2026-06-05 20:00:00,34.514,3.8408,400.28,105.7,7.87,199.1
2026-06-05 21:00:00,34.725,3.839,397.3,103.62,9.81,195.8
2026-06-05 22:00:00,34.544,3.9144,400.64,103.34,7.92,187.5
2026-06-05 23:00:00,35.559,3.9774,403.95,103.53,8.44,182.8
2026-06-06 00:00:00,39.558,3.9038,401.82,103.91,8.66,198.2
2026-06-06 01:00:00,41.808,3.8925,395.96,106.68,7.62,197.3
2026-06-06 02:00:00,41.479,3.8829,405.44,105.01,7.99,185.9
2026-06-06 03:00:00,39.711,3.8374,401.71,103.35,7.64,195.0
2026-06-06 04:00:00,40.465,3.9324,398.11,103.23,8.73,183.3
2026-06-06 05:00:00,41.63,3.9252,400.03,101.55,6.96,179.2
2026-06-06 06:00:00,39.325,3.9427,397.42,102.16,7.6,189.0
2026-06-06 07:00:00,38.863,3.9299,402.15,103.12,8.64,174.6
2026-06-06 08:00:00,40.216,3.8919,400.21,105.7,7.74,180.0
2026-06-06 09:00:00,41.144,3.9076,401.32,103.51,8.14,184.4
2026-06-06 10:00:00,41.565,3.8673,398.16,105.72,7.4,190.0
2026-06-06 11:00:00,41.569,3.8843,402.67,103.14,8.8,174.6
2026-06-06 12:00:00,39.25,3.9032,404.22,106.38,7.32,189.7
2026-06-06 13:00:00,40.289,3.7945,402.13,103.44,9.08,192.7
2026-06-06 14:00:00,40.241,3.8659,399.44,104.67,7.61,217.6
2026-06-06 15:00:00,41.133,3.844,400.23,105.69,8.34,186.7
2026-06-06 16:00:00,40.082,3.8611,396.5,103.24,8.2,184.4
2026-06-06 17:00:00,42.845,3.9184,398.69,103.95,9.15,173.2
2026-06-06 18:00:00,41.168,4.0317,402.95,102.66,8.1,187.7
2026-06-06 19:00:00,44.24,3.8668,399.19,103.51,6.88,157.5
2026-06-06 20:00:00,40.595,3.9252,398.72,104.73,8.59,196.8
2026-06-06 21:00:00,38.833,3.9741,402.53,105.18,8.01,189.9
2026-06-06 22:00:00,40.228,3.9206,402.72,103.15,8.64,185.4
2026-06-06 23:00:00,41.598,3.8927,402.53,106.84,8.18,185.1
2026-06-07 00:00:00,37.101,3.9306,398.53,105.44,8.23,198.9
2026-06-07 01:00:00,36.963,3.8529,397.8,104.59,7.38,196.8
2026-06-07 02:00:00,35.293,3.8672,399.51,101.3,7.52,175.3
2026-06-07 03:00:00,37.499,3.8881,402.2,102.76,6.72,184.7
2026-06-07 04:00:00,37.723,3.9047,400.5,105.81,7.72,187.9
2026-06-07 05:00:00,36.641,3.871,403.09,104.54,5.94,201.9
2026-06-07 06:00:00,35.37,3.88,402.89,104.2,8.44,198.6
2026-06-07 07:00:00,37.914,3.8383,401.11,102.98,6.1,187.2
2026-06-07 08:00:00,38.193,3.9062,400.04,106.58,8.22,199.1
2026-06-07 09:00:00,37.949,3.9814,398.93,105.76,9.44,186.4
2026-06-07 10:00:00,38.75,3.8337,400.97,105.1,7.35,172.4
2026-06-07 11:00:00,37.645,3.8845,400.59,104.45,8.67,205.6
2026-06-07 12:00:00,38.074,3.8254,402.04,104.6,8.13,205.8
2026-06-07 13:00:00,37.892,3.8834,401.43,101.67,8.77,190.8
2026-06-07 14:00:00,39.479,3.9349,401.18,104.31,7.09,189.5
2026-06-07 15:00:00,37.938,3.9499,401.36,105.07,8.56,185.1
2026-06-07 16:00:00,37.949,3.8909,396.39,101.82,8.68,204.5
2026-06-07 17:00:00,39.193,3.8599,404.54,106.36,7.43,195.2
2026-06-07 18:00:00,39.514,3.9064,403.61,103.14,7.76,199.0
2026-06-07 19:00:00,37.437,3.9082,400.39,102.55,9.21,189.0
2026-06-07 20:00:00,37.256,3.88,400.31,102.68,8.71,187.0
2026-06-07 21:00:00,38.499,3.8588,397.11,102.7,8.21,177.4
2026-06-07 22:00:00,38.552,3.8856,402.76,103.49,8.67,180.2
2026-06-07 23:00:00,36.396,3.9309,398.47,105.61,7.48,195.4
2026-06-08 00:00:00,32.397,3.8158,404.33,103.74,8.79,192.1
2026-06-08 01:00:00,31.516,3.921,403.29,105.95,9.32,194.1
2026-06-08 02:00:00,33.094,3.9048,396.64,105.13,8.59,193.7
2026-06-08 03:00:00,32.435,3.9331,398.45,105.88,7.54,185.1
2026-06-08 04:00:00,32.878,3.8504,397.42,103.62,6.08,210.0
2026-06-08 05:00:00,33.556,3.9155,397.45,104.31,8.01,191.2
2026-06-08 06:00:00,31.732,3.8951,394.46,103.73,7.31,184.2
2026-06-08 07:00:00,32.864,3.9423,403.67,104.07,7.16,204.8
2026-06-08 08:00:00,31.8,3.8734,399.4,102.92,9.06,194.1
2026-06-08 09:00:00,34.239,3.8859,402.61,103.79,7.89,193.1
2026-06-08 10:00:00,33.562,3.9288,399.39,101.78,7.75,163.5
2026-06-08 11:00:00,32.891,3.86,402.45,99.98,9.59,186.6
2026-06-08 12:00:00,31.6,3.9211,401.46,104.64,9.73,181.8
2026-06-08 13:00:00,33.459,3.9075,397.98,104.43,9.0,181.6
2026-06-08 14:00:00,33.613,3.9499,401.95,101.62,8.23,186.2
2026-06-08 15:00:00,34.377,3.8938,405.84,102.17,8.4,181.3
2026-06-08 16:00:00,34.918,3.9779,397.26,105.12,7.97,173.9
2026-06-08 17:00:00,32.139,3.905,401.54,103.44,8.23,193.1
2026-06-08 18:00:00,33.452,3.8414,400.41,104.79,6.82,205.3
2026-06-08 19:00:00,34.607,3.9081,406.22,102.81,7.25,183.8
2026-06-08 20:00:00,32.463,3.9916,400.15,103.92,8.29,205.8
2026-06-08 21:00:00,33.336,3.8814,400.82,105.88,7.84,204.0
2026-06-08 22:00:00,33.473,3.8914,401.48,106.94,7.81,203.7
2026-06-08 23:00:00,33.728,3.908,400.17,105.23,8.49,193.7
2026-06-09 00:00:00,37.198,3.8576,398.08,102.52,7.73,188.0
2026-06-09 01:00:00,36.086,3.9266,397.21,103.65,8.69,206.7
2026-06-09 02:00:00,36.543,3.9596,404.08,102.5,8.2,179.7
2026-06-09 03:00:00,36.065,3.9204,396.27,104.8,7.89,187.7
2026-06-09 04:00:00,37.062,3.8597,395.0,104.05,7.44,188.1
2026-06-09 05:00:00,35.296,3.8539,396.97,102.11,7.36,182.3
2026-06-09 06:00:00,36.508,4.0557,398.17,101.65,8.45,177.8
2026-06-09 07:00:00,35.515,3.8829,400.11,104.09,8.19,188.8
2026-06-09 08:00:00,37.661,3.9408,398.37,103.67,6.93,196.4
2026-06-09 09:00:00,36.246,3.9929,397.97,106.22,7.27,173.4
2026-06-09 10:00:00,35.546,3.9162,402.95,102.69,8.75,184.7
2026-06-09 11:00:00,35.913,3.8845,404.81,104.25,8.23,175.1
2026-06-09 12:00:00,36.64,3.9129,404.75,102.7,7.43,180.8
2026-06-09 13:00:00,35.763,3.932,397.61,105.85,8.01,180.9
2026-06-09 14:00:00,35.76,3.8318,395.68,105.66,8.67,180.2
2026-06-09 15:00:00,35.971,3.9773,397.8,104.29,8.38,187.8
2026-06-09 16:00:00,36.249,3.8821,400.27,101.67,8.01,191.5
2026-06-09 17:00:00,35.028,3.9206,397.17,100.1,6.46,190.6
2026-06-09 18:00:00,37.045,3.8774,395.63,103.71,8.69,189.2
2026-06-09 19:00:00,34.863,3.921,399.3,103.69,8.02,195.1
2026-06-09 20:00:00,36.321,3.8509,399.56,104.14,8.89,177.6
2026-06-09 21:00:00,36.287,3.8551,400.67,103.14,5.56,198.9
2026-06-09 22:00:00,35.724,3.8445,395.45,102.37,6.95,188.2
2026-06-09 23:00:00,36.588,3.8941,400.92,102.71,8.44,188.5
2026-06-10 00:00:00,38.109,3.9279,398.79,105.76,8.59,185.6
2026-06-10 01:00:00,39.565,3.9794,395.37,100.64,7.48,194.2
2026-06-10 02:00:00,38.656,3.9305,399.85,105.36,8.53,185.4
2026-06-10 03:00:00,37.83,3.9502,398.03,103.03,7.32,203.9
2026-06-10 04:00:00,38.371,3.9397,398.82,103.91,8.92,187.0
2026-06-10 05:00:00,38.939,3.8976,399.85,104.77,8.65,206.8
2026-06-10 06:00:00,37.255,3.981,397.7,102.71,6.24,198.0
2026-06-10 07:00:00,39.27,3.8404,398.98,103.59,6.77,190.5
2026-06-10 08:00:00,37.971,3.8745,396.95,104.16,8.45,176.0
2026-06-10 09:00:00,37.533,3.9263,391.74,104.44,9.32,177.3
2026-06-10 10:00:00,39.085,3.8847,401.71,103.74,7.09,173.1
2026-06-10 11:00:00,40.277,3.8338,399.15,106.06,8.22,191.5
2026-06-10 12:00:00,35.426,3.869,396.05,101.35,8.27,198.0
2026-06-10 13:00:00,36.799,3.8675,401.22,105.27,7.16,201.3
2026-06-10 14:00:00,38.685,3.8995,396.7,104.81,8.53,207.0
2026-06-10 15:00:00,36.987,3.9768,398.92,104.75,7.9,190.7
2026-06-10 16:00:00,39.274,3.8659,402.39,103.59,7.96,182.9
2026-06-10 17:00:00,37.872,3.8016,399.2,105.47,8.65,174.0
2026-06-10 18:00:00,36.41,3.8791,405.47,103.35,7.98,187.5
2026-06-10 19:00:00,37.991,3.8548,400.73,104.68,8.81,181.2
2026-06-10 20:00:00,38.657,3.994,402.3,105.0,6.07,203.1
2026-06-10 21:00:00,39.787,3.9596,401.47,105.22,10.36,182.9
2026-06-10 22:00:00,37.211,3.954,400.74,100.8,8.17,193.4
2026-06-10 23:00:00,36.62,3.9185,400.71,101.33,8.4,211.2
2026-06-11 00:00:00,39.391,3.8438,396.06,104.08,8.22,176.7
2026-06-11 01:00:00,36.628,3.967,400.71,105.53,7.97,200.1
2026-06-11 02:00:00,36.861,3.8741,397.16,101.14,7.68,176.5
2026-06-11 03:00:00,36.927,3.9067,400.49,104.57,7.68,189.3
2026-06-11 04:00:00,38.736,3.8919,400.05,100.34,7.12,200.8
2026-06-11 05:00:00,36.48,3.846,402.85,102.15,8.78,188.9
2026-06-11 06:00:00,36.741,3.7974,403.91,101.27,7.01,197.7
2026-06-11 07:00:00,36.051,3.9243,399.83,103.57,7.14,183.2
2026-06-11 08:00:00,37.743,3.8502,401.82,104.33,8.42,192.1
2026-06-11 09:00:00,38.064,3.9179,402.4,104.53,8.24,180.7
2026-06-11 10:00:00,35.505,3.9015,402.8,102.58,6.72,184.3
2026-06-11 11:00:00,37.836,3.9414,398.97,102.21,7.93,196.5
2026-06-11 12:00:00,37.373,3.9492,398.43,105.27,9.29,179.9
2026-06-11 13:00:00,36.462,3.9312,409.25,104.72,7.96,202.8
2026-06-11 14:00:00,37.307,3.8185,397.09,105.98,6.64,175.6
2026-06-11 15:00:00,38.35,3.9063,403.55,102.39,7.4,186.3
2026-06-11 16:00:00,36.051,3.8873,399.42,105.26,7.91,185.8
2026-06-11 17:00:00,37.987,3.9541,403.04,104.38,7.68,185.1
2026-06-11 18:00:00,35.971,3.9023,399.86,106.43,8.16,197.2
2026-06-11 19:00:00,38.898,3.8059,398.01,103.62,8.08,178.5
2026-06-11 20:00:00,38.395,3.944,401.44,104.99,7.11,201.1
2026-06-11 21:00:00,36.75,3.805,400.31,104.6,7.44,173.3
2026-06-11 22:00:00,36.146,3.8914,392.35,105.5,8.78,188.0
2026-06-11 23:00:00,38.619,3.8907,396.54,104.91,8.43,180.5
2026-06-12 00:00:00,34.535,3.8499,403.43,103.51,10.22,183.2
2026-06-12 01:00:00,36.709,3.9149,399.26,105.22,7.3,189.2
2026-06-12 02:00:00,34.789,3.79,400.14,102.25,6.94,195.6
2026-06-12 03:00:00,35.88,3.9181,405.11,104.24,8.34,177.9
2026-06-12 04:00:00,36.962,3.9415,396.79,104.95,8.24,187.7
2026-06-12 05:00:00,36.151,4.0199,398.0,103.47,8.07,188.0
2026-06-12 06:00:00,34.087,3.9314,402.7,106.56,7.53,177.2
2026-06-12 07:00:00,36.769,3.8478,399.94,103.37,8.14,185.4
2026-06-12 08:00:00,36.816,3.8531,407.09,105.14,7.49,180.2
2026-06-12 09:00:00,35.859,3.8757,397.47,106.07,8.76,179.0
2026-06-12 10:00:00,36.668,3.8999,402.26,102.99,9.69,190.6
2026-06-12 11:00:00,38.223,3.8756,404.0,103.82,9.32,188.1
2026-06-12 12:00:00,34.912,3.8456,398.06,104.89,8.29,191.1
2026-06-12 13:00:00,37.217,3.9813,396.95,105.49,9.84,183.7
2026-06-12 14:00:00,35.457,3.9198,400.66,103.18,7.94,206.0
2026-06-12 15:00:00,37.062,3.8592,394.85,102.33,8.14,182.1
2026-06-12 16:00:00,35.162,3.9357,399.13,103.42,8.17,204.4
2026-06-12 17:00:00,36.406,3.9342,400.23,106.32,7.01,178.7
2026-06-12 18:00:00,35.525,4.0011,404.62,102.34,7.63,195.5
2026-06-12 19:00:00,36.151,3.9442,398.52,101.51,8.49,202.5
2026-06-12 20:00:00,34.416,3.8061,398.64,101.2,8.34,178.4
2026-06-12 21:00:00,36.881,3.8828,400.39,104.99,7.84,179.9
2026-06-12 22:00:00,37.07,3.8265,404.22,103.09,7.58,193.9
2026-06-12 23:00:00,36.532,3.9253,395.6,102.68,8.27,193.7
2026-06-13 00:00:00,36.365,3.9647,399.47,105.41,8.87,193.5
2026-06-13 01:00:00,36.257,3.937,401.35,104.93,7.31,194.7
2026-06-13 02:00:00,38.211,3.886,400.43,103.65,8.71,169.5
2026-06-13 03:00:00,38.216,3.9258,399.34,104.42,8.9,193.8
2026-06-13 04:00:00,37.206,3.9603,400.53,105.12,9.18,195.7
2026-06-13 05:00:00,35.802,3.939,406.13,103.54,8.37,194.4
2026-06-13 06:00:00,37.444,3.8803,399.98,106.94,8.56,184.0
2026-06-13 07:00:00,37.341,3.9039,404.63,101.62,8.09,199.9
2026-06-13 08:00:00,35.105,3.8638,401.47,104.08,7.77,193.2
2026-06-13 09:00:00,34.976,3.8592,405.21,103.07,8.36,189.7
2026-06-13 10:00:00,37.418,3.9172,401.26,105.76,8.27,173.3
2026-06-13 11:00:00,35.77,3.9716,403.21,103.68,6.75,183.1
2026-06-13 12:00:00,38.742,3.9603,403.69,101.63,6.94,184.3
2026-06-13 13:00:00,35.018,3.9064,396.81,104.73,7.84,184.6
2026-06-13 14:00:00,37.191,3.923,400.44,103.48,7.97,171.1
2026-06-13 15:00:00,34.364,3.8673,400.46,106.64,8.33,180.4
2026-06-13 16:00:00,35.957,3.8383,399.91,103.89,7.98,192.8
2026-06-13 17:00:00,37.605,3.9344,396.62,105.27,7.21,193.9
2026-06-13 18:00:00,36.584,3.9836,399.74,103.88,7.8,198.6
2026-06-13 19:00:00,36.818,3.8877,402.51,107.14,9.3,205.0
2026-06-13 20:00:00,35.909,3.8964,400.54,101.51,9.37,176.0
2026-06-13 21:00:00,36.921,3.8402,400.43,105.25,8.43,181.8
2026-06-13 22:00:00,35.79,3.9468,399.88,104.21,8.76,165.5
2026-06-13 23:00:00,36.767,3.9633,405.34,105.05,7.44,199.8
2026-06-14 00:00:00,38.337,3.8699,397.95,103.82,7.7,170.2
2026-06-14 01:00:00,33.798,3.8369,398.21,104.68,7.61,192.0
2026-06-14 02:00:00,37.793,4.0484,402.66,102.6,8.8,190.2
2026-06-14 03:00:00,36.696,3.9486,402.36,102.1,7.12,192.9
2026-06-14 04:00:00,37.081,4.0046,401.84,103.5,7.64,183.2
2026-06-14 05:00:00,34.937,3.8369,398.43,104.17,7.41,190.3
2026-06-14 06:00:00,36.022,3.8897,398.77,104.45,8.03,164.2
2026-06-14 07:00:00,36.604,3.906,398.25,104.27,7.47,191.4
2026-06-14 08:00:00,35.385,3.9342,401.07,101.89,7.46,197.0
2026-06-14 09:00:00,36.753,3.9076,396.71,103.02,8.14,193.0
2026-06-14 10:00:00,36.301,3.86,399.37,103.29,7.1,179.4
2026-06-14 11:00:00,35.452,3.827,401.41,105.15,8.7,182.5
2026-06-14 12:00:00,35.511,3.9126,398.65,103.55,7.76,174.3
2026-06-14 13:00:00,37.662,3.8301,395.4,105.19,7.15,200.5
2026-06-14 14:00:00,36.671,3.9176,398.9,101.93,7.08,191.0
2026-06-14 15:00:00,36.191,3.8412,396.67,102.73,7.95,194.3
2026-06-14 16:00:00,37.263,3.882,404.2,105.05,9.15,181.5
2026-06-14 17:00:00,36.919,3.953,394.83,105.35,8.32,199.0
2026-06-14 18:00:00,36.486,3.9558,398.77,103.24,8.56,197.0
2026-06-14 19:00:00,34.881,3.9585,403.43,105.5,7.44,202.3
2026-06-14 20:00:00,36.851,3.9451,399.85,103.38,7.45,184.1
2026-06-14 21:00:00,37.253,3.8626,398.21,104.48,7.8,170.1
2026-06-14 22:00:00,35.611,3.8825,404.69,104.97,7.23,179.3
2026-06-14 23:00:00,35.823,3.911,397.74,104.63,6.91,193.2
2026-06-15 00:00:00,40.352,3.7713,399.92,104.37,8.35,191.0
2026-06-15 01:00:00,38.927,3.9137,400.32,104.13,9.22,199.9
2026-06-15 02:00:00,40.049,3.8694,398.59,105.54,7.19,199.9
2026-06-15 03:00:00,37.477,4.0029,403.6,103.2,7.64,170.3
2026-06-15 04:00:00,38.946,3.9576,401.77,103.62,9.58,195.4
2026-06-15 05:00:00,39.469,3.8857,401.69,107.8,8.35,173.9
2026-06-15 06:00:00,39.249,3.9925,403.46,103.25,8.27,175.7
2026-06-15 07:00:00,39.726,3.8576,398.46,103.18,7.45,206.4
2026-06-15 08:00:00,40.673,3.8861,400.28,106.44,7.78,185.7
2026-06-15 09:00:00,38.042,3.9754,400.48,104.01,7.67,181.2
2026-06-15 10:00:00,40.08,3.8625,398.48,101.56,7.15,185.0
2026-06-15 11:00:00,38.444,3.8266,398.2,103.79,5.97,195.6
2026-06-15 12:00:00,38.681,3.8346,399.18,104.63,7.99,190.3
2026-06-15 13:00:00,39.002,3.9309,396.02,103.13,8.29,190.1
2026-06-15 14:00:00,37.784,3.8857,397.93,104.01,6.71,174.2
2026-06-15 15:00:00,37.351,3.8927,407.12,105.4,8.93,189.9
2026-06-15 16:00:00,40.783,3.9163,400.14,105.55,7.05,168.6
2026-06-15 17:00:00,37.632,3.9671,402.55,104.24,7.8,188.1
2026-06-15 18:00:00,39.419,3.8573,402.18,102.56,9.03,186.5
2026-06-15 19:00:00,37.931,3.885,397.24,103.77,6.58,185.0
2026-06-15 20:00:00,39.061,3.9175,398.8,105.73,6.67,187.6
2026-06-15 21:00:00,38.423,3.8984,399.16,105.98,7.98,180.8
2026-06-15 22:00:00,41.8,3.9006,399.46,105.25,7.52,187.6
2026-06-15 23:00:00,39.952,3.8412,398.6,105.33,9.38,189.0
2026-06-16 00:00:00,4.159,3.9516,395.61,102.95,7.36,169.7
2026-06-16 01:00:00,4.189,3.8789,402.57,104.93,8.96,163.2
2026-06-16 02:00:00,5.534,3.9636,397.38,102.06,8.25,189.9
2026-06-16 03:00:00,6.466,3.8984,403.55,104.98,8.18,186.1
2026-06-16 04:00:00,7.209,3.8665,402.73,105.65,8.72,177.3
2026-06-16 05:00:00,7.831,3.917,402.49,101.69,7.51,189.0
2026-06-16 06:00:00,8.933,3.8698,402.56,104.19,9.49,193.0
2026-06-16 07:00:00,8.348,3.8855,400.69,105.83,8.5,187.1
2026-06-16 08:00:00,9.155,3.9007,399.59,105.93,8.71,176.1
2026-06-16 09:00:00,9.27,3.879,400.74,102.55,7.58,201.5
2026-06-16 10:00:00,11.557,3.8148,400.97,104.21,7.83,195.4
2026-06-16 11:00:00,12.192,4.021,400.63,102.91,7.6,196.9
2026-06-16 12:00:00,13.739,3.9291,401.54,104.37,7.64,190.6
2026-06-16 13:00:00,12.462,3.936,401.36,104.25,7.32,187.3
2026-06-16 14:00:00,13.556,3.9144,399.13,104.52,8.72,202.3
2026-06-16 15:00:00,13.911,3.8832,396.76,105.82,7.33,203.1
2026-06-16 16:00:00,14.967,3.95,398.39,103.66,8.09,190.8
2026-06-16 17:00:00,15.928,3.9324,403.5,105.26,7.62,171.8
2026-06-16 18:00:00,16.834,3.7608,401.97,104.91,7.04,195.7
2026-06-16 19:00:00,16.2,3.9618,397.74,102.77,7.48,192.3
2026-06-16 20:00:00,15.892,4.0103,398.9,106.57,7.77,186.9
2026-06-16 21:00:00,16.161,3.8627,401.28,105.76,8.08,181.2
2026-06-16 22:00:00,16.918,3.8612,392.12,104.18,6.63,183.8
2026-06-16 23:00:00,16.787,3.8802,399.22,106.27,8.75,204.8
2026-06-17 00:00:00,38.093,3.911,405.18,103.08,8.26,191.3
2026-06-17 01:00:00,38.182,3.9291,400.35,105.19,7.34,194.8
2026-06-17 02:00:00,36.697,3.9525,402.86,103.69,7.6,189.7
2026-06-17 03:00:00,38.463,3.8258,397.03,105.36,7.82,177.4
2026-06-17 04:00:00,35.383,3.8778,394.83,104.16,7.92,207.7
2026-06-17 05:00:00,36.452,3.93,396.44,102.46,7.82,181.5
2026-06-17 06:00:00,39.845,3.8961,397.73,107.34,7.36,186.1
2026-06-17 07:00:00,37.592,3.8606,401.67,105.69,6.97,184.9
2026-06-17 08:00:00,37.399,3.8301,396.04,103.4,7.27,192.6
2026-06-17 09:00:00,38.711,3.9068,400.69,102.59,7.49,193.3
2026-06-17 10:00:00,38.433,3.8933,401.43,103.56,7.06,192.5
2026-06-17 11:00:00,37.334,3.815,402.28,104.48,8.52,184.9
2026-06-17 12:00:00,39.428,3.9205,402.68,102.97,7.72,201.9
2026-06-17 13:00:00,37.77,3.8985,404.16,105.6,8.14,207.9
2026-06-17 14:00:00,36.172,3.8944,398.26,106.06,9.18,184.9
2026-06-17 15:00:00,37.964,3.9429,401.37,104.32,8.73,208.3
2026-06-17 16:00:00,37.942,3.8448,399.56,103.88,7.68,196.3
2026-06-17 17:00:00,38.613,3.9415,401.26,104.32,7.19,186.3
2026-06-17 18:00:00,36.879,3.9135,399.55,103.89,8.37,186.8
2026-06-17 19:00:00,38.975,3.9482,397.19,105.82,7.71,182.7
2026-06-17 20:00:00,37.476,3.8376,400.86,105.67,6.81,193.7
2026-06-17 21:00:00,38.448,3.9296,401.73,104.57,7.62,198.1
2026-06-17 22:00:00,38.178,3.9361,400.78,103.57,7.94,195.4
2026-06-17 23:00:00,38.941,3.8072,396.24,101.61,7.57,183.3
2026-06-18 00:00:00,41.594,3.8836,403.69,103.06,7.43,181.8
2026-06-18 01:00:00,41.003,3.9057,398.5,102.62,6.93,191.3
2026-06-18 02:00:00,40.706,3.8511,399.1,104.41,9.52,205.0
2026-06-18 03:00:00,40.3,3.8764,394.29,101.13,6.56,198.2
2026-06-18 04:00:00,41.168,3.8278,397.94,103.21,7.46,203.5
2026-06-18 05:00:00,39.063,3.8759,400.55,104.61,6.3,191.3
2026-06-18 06:00:00,39.854,3.87,395.31,105.02,10.33,199.1
2026-06-18 07:00:00,40.991,3.814,402.34,105.64,7.12,198.5
2026-06-18 08:00:00,39.225,3.8368,400.27,101.94,8.54,203.1
2026-06-18 09:00:00,41.425,3.9213,404.45,104.68,8.97,203.3
2026-06-18 10:00:00,40.122,4.0026,403.29,104.18,8.61,192.8
2026-06-18 11:00:00,41.653,3.8515,398.8,103.5,8.82,194.4
2026-06-18 12:00:00,41.871,3.8939,403.57,100.49,7.3,198.9
2026-06-18 13:00:00,40.904,3.9301,404.5,105.13,6.87,187.7
2026-06-18 14:00:00,40.034,3.9221,402.93,103.65,8.38,188.0
2026-06-18 15:00:00,43.667,3.9059,400.64,104.8,8.8,196.6
2026-06-18 16:00:00,41.366,3.9024,401.44,104.84,7.71,184.5
2026-06-18 17:00:00,41.124,3.9219,398.72,102.46,7.74,185.3
2026-06-18 18:00:00,42.12,3.8755,398.83,106.67,8.34,181.2
2026-06-18 19:00:00,42.824,3.8827,397.69,104.92,6.93,189.4
2026-06-18 20:00:00,42.07,3.9355,398.5,103.29,7.94,201.5
2026-06-18 21:00:00,39.294,3.939,400.86,105.95,7.15,201.0
2026-06-18 22:00:00,40.388,3.9144,398.89,100.51,7.96,193.8
2026-06-18 23:00:00,42.429,3.8704,396.69,105.02,7.73,200.0
2026-06-19 00:00:00,36.35,3.8893,399.54,102.98,6.47,190.0
2026-06-19 01:00:00,35.659,3.9508,399.97,106.65,7.61,189.9
2026-06-19 02:00:00,34.397,3.8796,399.24,103.04,7.69,192.8
2026-06-19 03:00:00,35.049,3.851,401.48,102.85,8.36,190.8
2026-06-19 04:00:00,33.029,3.8514,402.75,103.1,7.51,186.0
2026-06-19 05:00:00,35.054,3.9281,399.2,106.43,7.58,185.7
2026-06-19 06:00:00,34.76,3.9087,404.22,107.37,7.75,188.6
2026-06-19 07:00:00,35.576,3.8951,402.51,102.51,8.66,169.4
2026-06-19 08:00:00,35.469,3.9327,407.16,102.72,8.54,196.4
2026-06-19 09:00:00,34.0,3.913,397.62,102.35,6.86,188.0
2026-06-19 10:00:00,33.886,3.8014,400.86,101.56,8.54,192.4
2026-06-19 11:00:00,34.107,3.8244,397.41,102.07,7.71,186.5
2026-06-19 12:00:00,37.42,3.7996,398.31,104.81,8.79,202.9
2026-06-19 13:00:00,33.94,3.9389,391.68,103.68,8.66,196.9
2026-06-19 14:00:00,33.503,3.86,393.75,102.92,6.93,192.6
2026-06-19 15:00:00,34.157,3.9289,399.67,103.51,9.37,201.3
2026-06-19 16:00:00,33.581,3.9669,402.21,105.93,8.35,172.5
2026-06-19 17:00:00,34.542,3.7818,395.91,102.98,8.98,190.4
2026-06-19 18:00:00,35.144,3.9357,397.35,105.61,8.17,180.6
2026-06-19 19:00:00,34.337,3.8879,401.76,106.07,7.76,187.8
2026-06-19 20:00:00,36.759,4.0554,405.26,104.27,7.72,196.6
2026-06-19 21:00:00,35.231,3.8611,403.96,107.71,7.34,182.2
2026-06-19 22:00:00,34.401,3.838,402.36,101.88,8.52,193.8
2026-06-19 23:00:00,35.686,3.8272,400.41,104.39,8.69,193.6
2026-06-20 00:00:00,36.169,3.9556,404.06,105.98,7.41,195.1
2026-06-20 01:00:00,35.81,3.8914,402.2,101.88,10.18,202.0
2026-06-20 02:00:00,35.967,3.8718,399.77,103.78,7.04,188.6
2026-06-20 03:00:00,35.121,3.8694,405.27,103.9,7.69,205.4
2026-06-20 04:00:00,37.145,3.9306,398.3,105.61,7.74,198.6
2026-06-20 05:00:00,37.498,3.985,402.93,103.97,7.16,187.0
2026-06-20 06:00:00,36.047,3.9753,398.67,100.6,8.3,198.0
2026-06-20 07:00:00,35.799,3.9352,396.07,104.36,7.87,193.0
2026-06-20 08:00:00,37.26,3.8665,402.38,103.25,8.09,204.0
2026-06-20 09:00:00,35.791,3.9034,404.74,105.86,7.46,183.8
2026-06-20 10:00:00,37.399,3.8673,400.2,101.96,8.5,174.0
2026-06-20 11:00:00,36.944,3.9345,397.99,101.65,6.99,170.9
2026-06-20 12:00:00,38.761,3.804,396.14,104.48,8.03,200.2
2026-06-20 13:00:00,38.242,3.9221,399.79,103.15,7.85,199.4
2026-06-20 14:00:00,37.469,3.9308,394.97,102.85,7.45,184.5
2026-06-20 15:00:00,35.632,3.9336,403.15,106.71,7.58,188.9
2026-06-20 16:00:00,36.901,3.8993,397.47,105.19,6.38,185.1
2026-06-20 17:00:00,34.7,3.9311,395.82,102.26,7.98,179.5
2026-06-20 18:00:00,37.073,3.8804,405.86,102.17,7.34,195.7
2026-06-20 19:00:00,36.93,3.9221,399.11,105.42,8.27,203.2
2026-06-20 20:00:00,35.303,3.9125,399.32,104.6,7.24,198.1
2026-06-20 21:00:00,35.328,3.9442,401.64,101.29,8.32,170.6
2026-06-20 22:00:00,37.426,3.8196,399.78,103.59,6.7,171.4
2026-06-20 23:00:00,37.356,3.8758,403.26,103.93,10.21,191.8
2026-06-21 00:00:00,36.921,3.9176,400.26,104.82,7.4,183.6
2026-06-21 01:00:00,36.81,3.8907,396.56,104.78,7.34,190.9
2026-06-21 02:00:00,36.271,3.9655,405.52,105.79,8.54,195.7
2026-06-21 03:00:00,35.397,3.8993,406.92,103.93,9.37,189.1
2026-06-21 04:00:00,36.373,3.759,400.56,103.11,9.29,205.5
2026-06-21 05:00:00,34.443,3.8983,402.93,104.53,8.12,200.3
2026-06-21 06:00:00,33.737,3.9838,401.54,99.76,7.32,189.9
2026-06-21 07:00:00,37.532,3.9032,395.7,106.17,8.39,190.8
2026-06-21 08:00:00,36.259,3.885,399.93,105.65,8.43,200.7
2026-06-21 09:00:00,34.779,3.9896,396.04,102.09,8.49,188.0
2026-06-21 10:00:00,35.391,3.9076,399.88,102.58,8.34,204.3
2026-06-21 11:00:00,34.301,4.0008,405.08,102.91,8.74,180.3
2026-06-21 12:00:00,35.06,3.8514,398.77,101.4,7.97,180.8
2026-06-21 13:00:00,34.251,3.8075,400.49,107.05,7.81,189.7
2026-06-21 14:00:00,33.993,3.8827,397.8,101.84,7.38,186.0
2026-06-21 15:00:00,35.516,3.889,401.2,106.12,8.83,186.9
2026-06-21 16:00:00,33.318,3.8962,400.58,105.66,8.2,219.0
2026-06-21 17:00:00,34.832,3.9383,397.57,102.65,7.84,193.1
2026-06-21 18:00:00,35.892,3.7474,403.67,106.39,9.16,199.5
2026-06-21 19:00:00,35.03,3.9327,404.15,102.68,8.61,196.0
2026-06-21 20:00:00,35.01,3.9943,398.18,102.66,8.03,184.6
2026-06-21 21:00:00,36.56,3.8211,396.31,104.59,8.66,178.9
2026-06-21 22:00:00,36.512,3.8079,403.32,102.78,7.68,208.7
2026-06-21 23:00:00,35.07,3.8713,400.93,106.94,8.11,183.0
2026-06-22 00:00:00,38.817,3.8413,398.13,103.24,8.57,185.7
2026-06-22 01:00:00,39.126,3.9605,404.91,101.55,8.0,179.1
2026-06-22 02:00:00,39.306,3.9153,400.14,103.29,7.27,173.6
2026-06-22 03:00:00,39.679,3.8927,400.26,104.56,8.67,209.4
2026-06-22 04:00:00,38.357,3.9353,395.26,103.49,7.48,184.3
2026-06-22 05:00:00,39.896,3.908,400.35,104.19,7.86,188.3
2026-06-22 06:00:00,37.817,3.8759,398.87,103.8,6.55,191.2
2026-06-22 07:00:00,38.517,3.9232,396.82,102.68,8.68,183.3
2026-06-22 08:00:00,39.108,3.8689,396.57,101.9,7.55,185.8
2026-06-22 09:00:00,37.151,3.9729,400.21,102.75,9.22,198.7
2026-06-22 10:00:00,37.688,3.8515,399.59,105.15,6.93,201.9
2026-06-22 11:00:00,38.118,3.9439,399.73,104.8,8.55,203.3
2026-06-22 12:00:00,37.747,3.9964,396.38,104.55,8.58,190.8
2026-06-22 13:00:00,39.58,3.8228,400.04,105.57,8.06,179.7
2026-06-22 14:00:00,38.751,3.9123,397.25,106.05,7.62,180.5
2026-06-22 15:00:00,38.695,3.8709,399.62,104.44,7.72,196.5
2026-06-22 16:00:00,38.911,3.9631,397.24,104.19,8.25,193.5
2026-06-22 17:00:00,36.182,3.8507,401.16,104.95,8.08,192.5
2026-06-22 18:00:00,39.973,3.886,397.94,106.31,8.54,189.1
2026-06-22 19:00:00,37.767,3.9826,399.39,102.9,9.06,176.2
2026-06-22 20:00:00,38.411,3.9344,399.37,103.34,8.4,178.7
2026-06-22 21:00:00,38.338,3.939,396.97,106.15,7.89,190.0
2026-06-22 22:00:00,38.042,3.9319,398.81,104.44,9.05,203.0
2026-06-22 23:00:00,36.855,3.9699,398.76,104.55,8.14,193.5
2026-06-23 00:00:00,40.037,3.9323,403.2,103.25,8.04,198.7
2026-06-23 01:00:00,42.049,3.9199,401.0,104.82,7.79,194.0
2026-06-23 02:00:00,40.425,3.8865,393.26,101.45,8.34,198.0
2026-06-23 03:00:00,41.289,3.9083,399.3,104.93,7.73,190.6
2026-06-23 04:00:00,42.547,3.8348,398.41,103.73,6.54,178.9
2026-06-23 05:00:00,42.017,3.9281,399.76,106.01,7.27,209.4
2026-06-23 06:00:00,40.66,3.873,403.37,104.85,8.2,189.3
2026-06-23 07:00:00,38.56,3.8001,400.14,105.49,7.41,191.3
2026-06-23 08:00:00,38.849,3.8286,399.96,105.09,8.62,202.2
2026-06-23 09:00:00,39.767,3.8938,402.43,102.55,7.79,190.3
2026-06-23 10:00:00,40.695,3.945,401.36,103.4,6.2,198.1
2026-06-23 11:00:00,41.911,3.9268,401.15,104.7,8.98,185.3
2026-06-23 12:00:00,40.632,3.8525,399.44,102.83,7.38,170.7
2026-06-23 13:00:00,40.591,3.9511,391.2,105.92,7.99,183.5
2026-06-23 14:00:00,41.065,3.8887,399.82,106.12,8.15,193.8
2026-06-23 15:00:00,40.372,3.8921,397.35,103.84,7.4,201.4
2026-06-23 16:00:00,40.411,3.9368,403.85,105.52,7.47,206.6
2026-06-23 17:00:00,38.408,3.9707,392.57,102.68,7.95,183.1
2026-06-23 18:00:00,38.145,3.8267,400.76,101.48,8.5,201.4
2026-06-23 19:00:00,42.298,3.9125,399.87,103.41,10.17,201.9
2026-06-23 20:00:00,41.439,3.9167,403.24,101.18,8.68,184.4
2026-06-23 21:00:00,37.899,3.9545,397.75,104.65,7.42,186.1
2026-06-23 22:00:00,42.614,3.9165,401.17,101.69,8.72,183.7
2026-06-23 23:00:00,41.243,3.8501,401.1,104.82,6.85,193.2
2026-06-24 00:00:00,37.096,3.9617,401.11,104.09,10.41,198.3
2026-06-24 01:00:00,37.673,3.9435,400.86,106.01,7.22,209.4
2026-06-24 02:00:00,37.533,3.8819,397.86,103.57,9.52,191.9
2026-06-24 03:00:00,36.9,3.8931,400.77,105.44,7.76,192.0
2026-06-24 04:00:00,41.425,3.8941,400.38,102.25,8.76,185.6
2026-06-24 05:00:00,40.193,3.9604,402.44,103.28,7.74,186.4
2026-06-24 06:00:00,38.207,3.8835,398.45,104.17,7.99,186.4
2026-06-24 07:00:00,39.14,3.9523,398.39,107.2,8.31,202.3
2026-06-24 08:00:00,40.232,3.8307,401.54,105.38,8.96,198.0
2026-06-24 09:00:00,39.253,3.8265,397.22,104.88,6.4,184.7
2026-06-24 10:00:00,37.903,3.9194,402.73,104.38,7.36,180.7
2026-06-24 11:00:00,38.578,3.9298,401.17,104.24,8.1,176.4
2026-06-24 12:00:00,38.084,3.9385,396.71,104.66,8.56,213.3
2026-06-24 13:00:00,38.042,3.8886,396.47,102.41,6.73,172.5
2026-06-24 14:00:00,38.907,3.9005,400.96,101.67,6.41,172.6
2026-06-24 15:00:00,39.945,3.9567,396.07,104.18,8.15,180.5
2026-06-24 16:00:00,37.388,3.9481,402.18,105.37,8.28,191.4
2026-06-24 17:00:00,38.69,3.8936,405.11,104.38,8.45,189.5
2026-06-24 18:00:00,37.373,3.8991,399.12,102.86,8.67,210.1
2026-06-24 19:00:00,38.458,3.8966,397.98,101.88,8.51,196.1
2026-06-24 20:00:00,37.238,3.906,397.59,106.16,8.12,194.8
2026-06-24 21:00:00,40.07,3.792,401.35,104.46,7.81,190.7
2026-06-24 22:00:00,39.556,3.8699,398.23,106.64,8.85,195.4
2026-06-24 23:00:00,39.071,3.9074,399.31,103.88,8.3,186.1
2026-06-25 00:00:00,38.931,3.8952,401.03,103.9,8.58,193.6
2026-06-25 01:00:00,42.024,3.9097,399.7,104.96,8.75,186.4
2026-06-25 02:00:00,39.831,3.9694,398.67,104.66,7.69,192.9
2026-06-25 03:00:00,42.54,3.9864,396.36,101.98,5.42,196.5
2026-06-25 04:00:00,42.739,3.9163,399.35,105.32,7.32,197.2
2026-06-25 05:00:00,42.483,3.9643,402.3,103.36,7.8,181.7
2026-06-25 06:00:00,43.095,3.9646,400.03,104.0,8.24,184.2
2026-06-25 07:00:00,41.481,3.9278,401.47,104.17,6.08,188.7
2026-06-25 08:00:00,39.165,3.8206,406.79,103.36,7.9,187.6
2026-06-25 09:00:00,39.824,3.9822,394.73,104.79,7.58,203.0
2026-06-25 10:00:00,41.856,3.9064,395.73,105.23,8.81,196.9
2026-06-25 11:00:00,40.483,3.9334,397.85,104.43,8.33,188.2
2026-06-25 12:00:00,39.641,3.8912,397.54,102.3,8.86,188.9
2026-06-25 13:00:00,40.205,3.8765,401.39,103.58,7.47,193.0
2026-06-25 14:00:00,40.993,3.8575,396.94,105.97,7.81,202.2
2026-06-25 15:00:00,41.539,3.8982,399.4,106.46,7.52,186.5
2026-06-25 16:00:00,39.825,3.894,397.33,104.22,7.04,195.5
2026-06-25 17:00:00,41.223,3.9121,398.32,105.94,9.61,189.0
2026-06-25 18:00:00,39.886,3.9332,399.47,104.26,8.53,176.9
2026-06-25 19:00:00,41.687,3.85,396.4,103.47,9.17,184.1
2026-06-25 20:00:00,41.371,3.8555,401.93,104.51,8.93,192.0
2026-06-25 21:00:00,40.817,3.8092,401.01,105.21,8.18,192.1
2026-06-25 22:00:00,41.486,3.9441,397.43,103.93,8.36,192.8
2026-06-25 23:00:00,39.654,3.8035,401.02,105.1,9.34,194.4
2026-06-26 00:00:00,35.36,3.9231,399.73,103.03,6.89,172.3
2026-06-26 01:00:00,35.542,3.8805,400.25,104.06,8.2,209.0
2026-06-26 02:00:00,36.22,3.9686,397.76,102.96,7.6,172.5
2026-06-26 03:00:00,38.064,3.9134,402.19,106.59,8.37,206.3
2026-06-26 04:00:00,33.751,3.9637,400.95,103.21,8.87,190.5
2026-06-26 05:00:00,35.533,3.8049,405.33,100.15,8.07,206.0
2026-06-26 06:00:00,36.988,3.8699,399.25,103.11,8.21,189.4
2026-06-26 07:00:00,34.894,3.8279,403.43,102.12,7.11,213.2
2026-06-26 08:00:00,35.373,3.8349,397.13,105.15,7.41,188.6
2026-06-26 09:00:00,33.771,3.8693,400.1,104.07,9.16,195.0
2026-06-26 10:00:00,33.133,3.8187,397.32,103.54,8.03,196.1
2026-06-26 11:00:00,34.423,3.7882,402.31,102.47,6.1,180.3
2026-06-26 12:00:00,35.758,3.8383,396.4,105.48,7.1,192.8
2026-06-26 13:00:00,36.469,3.8807,406.98,101.93,10.04,180.1
2026-06-26 14:00:00,35.942,3.9137,403.24,105.01,7.7,186.2
2026-06-26 15:00:00,37.517,3.9754,398.33,105.8,8.43,192.3
2026-06-26 16:00:00,35.046,3.836,401.24,99.81,7.59,194.1
2026-06-26 17:00:00,34.433,3.9806,404.94,102.38,7.9,188.6
2026-06-26 18:00:00,35.659,3.8749,401.41,106.48,8.06,191.0
2026-06-26 19:00:00,36.401,3.8651,401.85,103.25,7.21,196.4
2026-06-26 20:00:00,34.229,3.8744,398.8,103.79,6.76,180.5
2026-06-26 21:00:00,36.101,3.9298,399.64,103.68,7.33,190.1
2026-06-26 22:00:00,33.234,3.9319,402.88,103.97,7.22,203.3
2026-06-26 23:00:00,35.526,3.9668,399.18,102.86,7.83,183.1
2026-06-27 00:00:00,39.516,3.9246,399.22,103.31,7.98,193.9
2026-06-27 01:00:00,39.72,3.9269,401.73,104.43,8.57,190.1
2026-06-27 02:00:00,41.067,3.9201,402.49,103.71,6.87,185.6
2026-06-27 03:00:00,39.767,3.9183,399.9,106.19,6.97,172.5
2026-06-27 04:00:00,39.506,3.8664,400.09,104.98,10.14,177.0
2026-06-27 05:00:00,38.459,3.8972,395.64,102.88,9.01,189.4
2026-06-27 06:00:00,39.688,3.9546,394.95,104.18,7.96,192.6
2026-06-27 07:00:00,38.553,3.8788,399.7,105.08,7.43,196.0
2026-06-27 08:00:00,37.233,3.9209,402.29,102.66,7.77,190.0
2026-06-27 09:00:00,40.058,3.9589,400.56,103.67,7.85,192.7
2026-06-27 10:00:00,40.629,3.9125,398.39,103.51,7.38,181.5
2026-06-27 11:00:00,39.153,3.872,402.25,102.26,8.06,178.6
2026-06-27 12:00:00,40.641,3.9148,403.69,104.8,7.2,190.4
2026-06-27 13:00:00,38.992,3.8747,397.02,103.55,8.07,192.1
2026-06-27 14:00:00,42.592,3.8922,400.26,103.87,7.8,187.1
2026-06-27 15:00:00,39.785,3.8905,402.14,104.62,7.32,190.0
2026-06-27 16:00:00,40.076,3.8869,399.34,103.87,8.47,191.7
2026-06-27 17:00:00,39.102,3.8978,403.58,102.62,8.51,187.7
2026-06-27 18:00:00,43.98,3.9304,400.16,103.85,6.83,185.1
2026-06-27 19:00:00,42.022,3.9175,399.18,103.99,8.04,180.9
2026-06-27 20:00:00,39.846,3.9246,395.76,103.66,5.91,173.9
2026-06-27 21:00:00,40.677,3.959,405.35,102.15,7.94,186.8
2026-06-27 22:00:00,40.94,3.9157,400.25,104.87,7.66,199.4
2026-06-27 23:00:00,39.34,3.9529,400.55,104.34,7.14,175.4
2026-06-28 00:00:00,35.564,3.9237,393.87,105.96,7.76,177.2
2026-06-28 01:00:00,37.605,3.8412,400.13,103.63,8.92,198.6
2026-06-28 02:00:00,38.234,3.8783,403.58,103.91,8.09,194.3
2026-06-28 03:00:00,37.526,3.8367,401.86,101.74,8.36,189.4
2026-06-28 04:00:00,37.315,3.8482,402.86,103.79,8.65,183.1
2026-06-28 05:00:00,36.473,3.9035,402.94,102.12,7.56,185.3
2026-06-28 06:00:00,36.947,3.8785,403.08,105.02,8.02,198.1
2026-06-28 07:00:00,38.328,3.8709,397.94,104.99,9.62,167.5
2026-06-28 08:00:00,36.574,3.9374,397.72,105.25,8.17,178.1
2026-06-28 09:00:00,36.742,3.9179,397.46,104.85,8.24,187.1
2026-06-28 10:00:00,37.65,3.8831,400.64,102.58,9.08,187.5
2026-06-28 11:00:00,38.469,4.0022,404.52,103.98,8.12,189.6
2026-06-28 12:00:00,37.566,3.8609,394.84,104.47,8.04,204.7
2026-06-28 13:00:00,39.162,3.8351,397.36,105.12,8.9,191.3
2026-06-28 14:00:00,37.299,3.8123,406.56,103.01,8.44,193.3
2026-06-28 15:00:00,36.281,3.9411,404.2,103.94,8.12,196.4
2026-06-28 16:00:00,38.283,3.9416,397.47,102.67,7.58,164.3
2026-06-28 17:00:00,35.826,3.891,398.11,102.8,8.68,193.3
2026-06-28 18:00:00,38.113,3.8922,398.82,102.77,8.19,172.8
2026-06-28 19:00:00,36.305,3.9283,402.45,103.92,7.12,195.5
2026-06-28 20:00:00,36.45,3.8943,397.24,106.61,9.14,182.0
2026-06-28 21:00:00,35.99,3.8977,401.81,105.8,7.96,178.2
2026-06-28 22:00:00,37.548,3.9128,395.45,103.63,7.77,180.7
2026-06-28 23:00:00,37.47,3.9504,402.9,102.73,7.55,196.6
2026-06-29 00:00:00,36.895,3.8834,406.32,100.33,7.5,182.0
2026-06-29 01:00:00,37.193,3.9816,399.59,103.59,8.12,187.1
2026-06-29 02:00:00,37.653,4.0214,398.03,103.71,7.95,169.9
2026-06-29 03:00:00,37.893,3.8971,394.38,103.61,8.13,181.5
2026-06-29 04:00:00,38.408,3.8716,395.72,105.15,7.9,191.3
2026-06-29 05:00:00,35.527,3.834,397.1,103.78,7.9,203.2
2026-06-29 06:00:00,38.888,3.9063,399.73,106.72,8.04,199.7
2026-06-29 07:00:00,36.728,3.8951,399.21,103.01,8.29,182.1
2026-06-29 08:00:00,37.13,3.9197,406.04,101.27,8.06,196.3
2026-06-29 09:00:00,36.878,3.9415,401.52,104.7,7.68,187.9
2026-06-29 10:00:00,37.005,3.8528,400.52,102.49,7.29,176.8
2026-06-29 11:00:00,38.421,3.8731,397.46,105.13,7.68,193.2
2026-06-29 12:00:00,37.056,3.9172,400.54,100.9,9.12,199.6
2026-06-29 13:00:00,35.692,3.9424,399.35,104.16,8.98,199.5
2026-06-29 14:00:00,38.286,3.9956,403.11,103.14,7.02,198.0
2026-06-29 15:00:00,35.425,3.8832,398.97,102.99,9.03,193.1
2026-06-29 16:00:00,37.007,3.9426,398.83,105.71,9.56,188.8
2026-06-29 17:00:00,37.071,3.9548,394.4,102.21,7.22,174.6
2026-06-29 18:00:00,37.241,3.914,399.92,103.96,8.7,200.2
2026-06-29 19:00:00,38.567,3.8931,400.05,106.1,8.31,202.5
2026-06-29 20:00:00,36.74,3.8978,398.16,103.97,8.32,185.7
2026-06-29 21:00:00,39.33,3.8292,402.46,102.44,8.22,182.6
2026-06-29 22:00:00,37.321,3.9033,397.71,102.25,7.46,190.2
2026-06-29 23:00:00,38.106,3.9763,395.08,104.65,7.64,190.1
2026-06-30 00:00:00,39.314,3.9375,401.14,103.96,9.18,192.6
2026-06-30 01:00:00,38.953,3.9539,396.73,102.65,9.1,188.1
2026-06-30 02:00:00,36.975,3.9376,403.41,102.89,7.0,189.4
2026-06-30 03:00:00,39.35,3.8712,397.37,104.73,8.4,174.8
2026-06-30 04:00:00,37.712,3.884,398.17,104.28,8.38,207.4
2026-06-30 05:00:00,39.346,3.943,395.53,102.99,8.79,176.1
2026-06-30 06:00:00,40.428,3.9252,400.33,103.8,7.1,179.6
2026-06-30 07:00:00,38.358,3.8787,403.44,102.52,7.51,173.3
2026-06-30 08:00:00,39.121,3.8989,403.05,106.69,8.39,181.7
2026-06-30 09:00:00,39.189,3.9124,399.77,102.43,8.24,178.3
2026-06-30 10:00:00,38.845,3.8846,392.6,104.83,9.59,186.3
2026-06-30 11:00:00,38.254,3.9429,396.22,104.0,8.17,184.5
2026-06-30 12:00:00,38.857,3.8589,398.29,104.91,7.32,184.4
2026-06-30 13:00:00,38.167,3.923,398.87,102.76,8.23,170.8
2026-06-30 14:00:00,36.836,3.9126,405.21,103.27,8.24,176.6
2026-06-30 15:00:00,39.074,3.9082,401.56,102.91,9.45,180.7
2026-06-30 16:00:00,40.618,3.8481,402.18,105.87,9.63,188.7
2026-06-30 17:00:00,37.118,3.939,397.93,102.45,7.54,181.2
2026-06-30 18:00:00,39.789,3.9081,401.9,105.2,7.69,196.5
2026-06-30 19:00:00,40.291,3.9873,400.44,103.61,7.28,186.1
2026-06-30 20:00:00,38.961,3.9114,396.14,103.41,7.84,184.3
2026-06-30 21:00:00,38.275,3.9159,397.2,104.65,7.18,191.9
2026-06-30 22:00:00,37.722,3.9554,402.07,105.89,7.36,177.4
2026-06-30 23:00:00,37.492,3.8889,402.99,104.99,8.5,178.2
